{
  "expected": {
    "results": {
      "lane_metrics": [
        {
          "Lavg_cd_m2": 0.42472415953576625,
          "Lmax_cd_m2": 0.7573105520959941,
          "Lmin_cd_m2": 0.15975341686487393,
          "Ul_luminance": 0.21119552815906137,
          "Uo_luminance": 0.37613451761135575,
          "lane_index": 0.0,
          "lane_number": 1.0,
          "longitudinal_line_row_index": 1.0,
          "luminance_mean_cd_m2": 0.42472415953576625,
          "max_lux": 14.51898235295094,
          "mean_lux": 6.813497011575533,
          "min_lux": 2.112492762535222,
          "nx": 10.0,
          "ny": 2.0,
          "sample_count": 20.0,
          "ul_longitudinal": 0.21119552815906137,
          "uniformity_min_avg": 0.310045305508505,
          "uniformity_ratio": 0.310045305508505
        },
        {
          "Lavg_cd_m2": 0.29714034797066946,
          "Lmax_cd_m2": 0.5548955117723579,
          "Lmin_cd_m2": 0.12629300582853625,
          "Ul_luminance": 0.35506434813377896,
          "Uo_luminance": 0.42502812792358496,
          "lane_index": 1.0,
          "lane_number": 2.0,
          "longitudinal_line_row_index": 1.0,
          "luminance_mean_cd_m2": 0.29714034797066946,
          "max_lux": 11.600014464059724,
          "mean_lux": 5.289679986753106,
          "min_lux": 1.8768153023081295,
          "nx": 10.0,
          "ny": 2.0,
          "sample_count": 20.0,
          "ul_longitudinal": 0.35506434813377896,
          "uniformity_min_avg": 0.35480696507316506,
          "uniformity_ratio": 0.35480696507316506
        }
      ],
      "mean_lux": 6.05158849916432,
      "road_geometry": {
        "bank_angle_deg": 5.0,
        "curve_angle_deg": null,
        "curve_direction": "left",
        "curve_radius_m": null,
        "longitudinal_spacing_m": 6.666666666666667,
        "type": "straight"
      },
      "road_luminance_mean_cd_m2": 0.36093225375321786,
      "roadway": {
        "lanes": [
          {
            "lane_index": 0,
            "lane_number": 1,
            "luminance_grid": [
              {
                "illuminance_lux": 12.56928867,
                "lane_col": 0.0,
                "lane_row": 0.0,
                "luminance_cd_m2": 0.58048649,
                "order": 0.0,
                "x": 0.0,
                "y": 0.0,
                "z": 0.0
              },
              {
                "illuminance_lux": 5.1832056,
                "lane_col": 1.0,
                "lane_row": 0.0,
                "luminance_cd_m2": 0.38818371,
                "order": 1.0,
                "x": 6.66666667,
                "y": 0.0,
                "z": 0.0
              },
              {
                "illuminance_lux": 2.11249276,
                "lane_col": 2.0,
                "lane_row": 0.0,
                "luminance_cd_m2": 0.15975342,
                "order": 2.0,
                "x": 13.33333333,
                "y": 0.0,
                "z": 0.0
              },
              {
                "illuminance_lux": 2.99153172,
                "lane_col": 3.0,
                "lane_row": 0.0,
                "luminance_cd_m2": 0.22503092,
                "order": 3.0,
                "x": 20.0,
                "y": 0.0,
                "z": 0.0
              },
              {
                "illuminance_lux": 9.44332904,
                "lane_col": 4.0,
                "lane_row": 0.0,
                "luminance_cd_m2": 0.67057601,
                "order": 4.0,
                "x": 26.66666667,
                "y": 0.0,
                "z": 0.0
              },
              {
                "illuminance_lux": 9.44969336,
                "lane_col": 5.0,
                "lane_row": 0.0,
                "luminance_cd_m2": 0.67803983,
                "order": 5.0,
                "x": 33.33333333,
                "y": 0.0,
                "z": 0.0
              },
              {
                "illuminance_lux": 3.01226787,
                "lane_col": 6.0,
                "lane_row": 0.0,
                "luminance_cd_m2": 0.22732846,
                "order": 6.0,
                "x": 40.0,
                "y": 0.0,
                "z": 0.0
              },
              {
                "illuminance_lux": 2.15346277,
                "lane_col": 7.0,
                "lane_row": 0.0,
                "luminance_cd_m2": 0.16281604,
                "order": 7.0,
                "x": 46.66666667,
                "y": 0.0,
                "z": 0.0
              },
              {
                "illuminance_lux": 5.25826233,
                "lane_col": 8.0,
                "lane_row": 0.0,
                "luminance_cd_m2": 0.39281117,
                "order": 8.0,
                "x": 53.33333333,
                "y": 0.0,
                "z": 0.0
              },
              {
                "illuminance_lux": 12.71152945,
                "lane_col": 9.0,
                "lane_row": 0.0,
                "luminance_cd_m2": 0.59230958,
                "order": 9.0,
                "x": 60.0,
                "y": 0.0,
                "z": 0.0
              },
              {
                "illuminance_lux": 14.37604609,
                "lane_col": 0.0,
                "lane_row": 1.0,
                "luminance_cd_m2": 0.64669194,
                "order": 10.0,
                "x": 0.0,
                "y": 2.3244543,
                "z": 0.2033634
              },
              {
                "illuminance_lux": 5.50994346,
                "lane_col": 1.0,
                "lane_row": 1.0,
                "luminance_cd_m2": 0.40556583,
                "order": 11.0,
                "x": 6.66666667,
                "y": 2.3244543,
                "z": 0.2033634
              },
              {
                "illuminance_lux": 2.16013107,
                "lane_col": 2.0,
                "lane_row": 1.0,
                "luminance_cd_m2": 0.1599406,
                "order": 12.0,
                "x": 13.33333333,
                "y": 2.3244543,
                "z": 0.2033634
              },
              {
                "illuminance_lux": 3.09849709,
                "lane_col": 3.0,
                "lane_row": 1.0,
                "luminance_cd_m2": 0.2288654,
                "order": 13.0,
                "x": 20.0,
                "y": 2.3244543,
                "z": 0.2033634
              },
              {
                "illuminance_lux": 10.40461736,
                "lane_col": 4.0,
                "lane_row": 1.0,
                "luminance_cd_m2": 0.75578014,
                "order": 14.0,
                "x": 26.66666667,
                "y": 2.3244543,
                "z": 0.2033634
              },
              {
                "illuminance_lux": 10.41098947,
                "lane_col": 5.0,
                "lane_row": 1.0,
                "luminance_cd_m2": 0.75731055,
                "order": 15.0,
                "x": 33.33333333,
                "y": 2.3244543,
                "z": 0.2033634
              },
              {
                "illuminance_lux": 3.11926336,
                "lane_col": 6.0,
                "lane_row": 1.0,
                "luminance_cd_m2": 0.23069925,
                "order": 16.0,
                "x": 40.0,
                "y": 2.3244543,
                "z": 0.2033634
              },
              {
                "illuminance_lux": 2.20118218,
                "lane_col": 7.0,
                "lane_row": 1.0,
                "luminance_cd_m2": 0.1630319,
                "order": 17.0,
                "x": 46.66666667,
                "y": 2.3244543,
                "z": 0.2033634
              },
              {
                "illuminance_lux": 5.58522423,
                "lane_col": 8.0,
                "lane_row": 1.0,
                "luminance_cd_m2": 0.41100649,
                "order": 18.0,
                "x": 53.33333333,
                "y": 2.3244543,