{
  "expected": {
    "results": {
      "lane_metrics": [
        {
          "Lavg_cd_m2": 0.4311682357924755,
          "Lmax_cd_m2": 0.7853758914205309,
          "Lmin_cd_m2": 0.1579201822070492,
          "Ul_luminance": 0.20107592292069806,
          "Uo_luminance": 0.3662611693015748,
          "lane_index": 0.0,
          "lane_number": 1.0,
          "longitudinal_line_row_index": 1.0,
          "luminance_mean_cd_m2": 0.4311682357924755,
          "max_lux": 15.246584704301261,
          "mean_lux": 6.829878054767907,
          "min_lux": 2.052979922539871,
          "nx": 10.0,
          "ny": 2.0,
          "sample_count": 20.0,
          "ul_longitudinal": 0.20107592292069806,
          "uniformity_min_avg": 0.3005880787442017,
          "uniformity_ratio": 0.3005880787442017
        },
        {
          "Lavg_cd_m2": 0.30865766180816895,
          "Lmax_cd_m2": 0.5901293462137998,
          "Lmin_cd_m2": 0.12035645177437186,
          "Ul_luminance": 0.3212693006603649,
          "Uo_luminance": 0.38993508558738943,
          "lane_index": 1.0,
          "lane_number": 2.0,
          "longitudinal_line_row_index": 1.0,
          "luminance_mean_cd_m2": 0.30865766180816895,
          "max_lux": 12.954089699613732,
          "mean_lux": 5.744831230383687,
          "min_lux": 1.8892615069635894,
          "nx": 10.0,
          "ny": 2.0,
          "sample_count": 20.0,
          "ul_longitudinal": 0.3212693006603649,
          "uniformity_min_avg": 0.32886283881962,
          "uniformity_ratio": 0.32886283881962
        }
      ],
      "mean_lux": 6.287354642575797,
      "road_geometry": {
        "bank_angle_deg": 10.0,
        "curve_angle_deg": null,
        "curve_direction": "left",
        "curve_radius_m": null,
        "longitudinal_spacing_m": 6.666666666666667,
        "type": "straight"
      },
      "road_luminance_mean_cd_m2": 0.36991294880032216,
      "roadway": {
        "lanes": [
          {
            "lane_index": 0,
            "lane_number": 1,
            "luminance_grid": [
              {
                "illuminance_lux": 12.21518849,
                "lane_col": 0.0,
                "lane_row": 0.0,
                "luminance_cd_m2": 0.58048649,
                "order": 0.0,
                "x": 0.0,
                "y": 0.0,
                "z": 0.0
              },
              {
                "illuminance_lux": 5.03718508,
                "lane_col": 1.0,
                "lane_row": 0.0,
                "luminance_cd_m2": 0.38818371,
                "order": 1.0,
                "x": 6.66666667,
                "y": 0.0,
                "z": 0.0
              },
              {
                "illuminance_lux": 2.05297992,
                "lane_col": 2.0,
                "lane_row": 0.0,
                "luminance_cd_m2": 0.15975342,
                "order": 2.0,
                "x": 13.33333333,
                "y": 0.0,
                "z": 0.0
              },
              {
                "illuminance_lux": 2.90725472,
                "lane_col": 3.0,
                "lane_row": 0.0,
                "luminance_cd_m2": 0.22503092,
                "order": 3.0,
                "x": 20.0,
                "y": 0.0,
                "z": 0.0
              },
              {
                "illuminance_lux": 9.17729294,
                "lane_col": 4.0,
                "lane_row": 0.0,
                "luminance_cd_m2": 0.67057601,
                "order": 4.0,
                "x": 26.66666667,
                "y": 0.0,
                "z": 0.0
              },
              {
                "illuminance_lux": 9.18347797,
                "lane_col": 5.0,
                "lane_row": 0.0,
                "luminance_cd_m2": 0.67803983,
                "order": 5.0,
                "x": 33.33333333,
                "y": 0.0,
                "z": 0.0
              },
              {
                "illuminance_lux": 2.9274067,
                "lane_col": 6.0,
                "lane_row": 0.0,
                "luminance_cd_m2": 0.22732846,
                "order": 6.0,
                "x": 40.0,
                "y": 0.0,
                "z": 0.0
              },
              {
                "illuminance_lux": 2.09279573,
                "lane_col": 7.0,
                "lane_row": 0.0,
                "luminance_cd_m2": 0.16281604,
                "order": 7.0,
                "x": 46.66666667,
                "y": 0.0,
                "z": 0.0
              },
              {
                "illuminance_lux": 5.11012732,
                "lane_col": 8.0,
                "lane_row": 0.0,
                "luminance_cd_m2": 0.39281117,
                "order": 8.0,
                "x": 53.33333333,
                "y": 0.0,
                "z": 0.0
              },
              {
                "illuminance_lux": 12.35342208,
                "lane_col": 9.0,
                "lane_row": 0.0,
                "luminance_cd_m2": 0.59230958,
                "order": 9.0,
                "x": 60.0,
                "y": 0.0,
                "z": 0.0
              },
              {
                "illuminance_lux": 15.10737278,
                "lane_col": 0.0,
                "lane_row": 1.0,
                "luminance_cd_m2": 0.68109994,
                "order": 10.0,
                "x": 0.0,
                "y": 2.29788476,
                "z": 0.40517908
              },
              {
                "illuminance_lux": 5.5650089,
                "lane_col": 1.0,
                "lane_row": 1.0,
                "luminance_cd_m2": 0.41085514,
                "order": 11.0,
                "x": 6.66666667,
                "y": 2.29788476,
                "z": 0.40517908
              },
              {
                "illuminance_lux": 2.12683241,
                "lane_col": 2.0,
                "lane_row": 1.0,
                "luminance_cd_m2": 0.15792018,
                "order": 12.0,
                "x": 13.33333333,
                "y": 2.29788476,
                "z": 0.40517908
              },
              {
                "illuminance_lux": 3.07638782,
                "lane_col": 3.0,
                "lane_row": 1.0,
                "luminance_cd_m2": 0.22788686,
                "order": 13.0,
                "x": 20.0,
                "y": 2.29788476,
                "z": 0.40517908
              },
              {
                "illuminance_lux": 10.75524135,
                "lane_col": 4.0,
                "lane_row": 1.0,
                "luminance_cd_m2": 0.78387765,
                "order": 14.0,
                "x": 26.66666667,
                "y": 2.29788476,
                "z": 0.40517908
              },
              {
                "illuminance_lux": 10.7614345,
                "lane_col": 5.0,
                "lane_row": 1.0,
                "luminance_cd_m2": 0.78537589,
                "order": 15.0,
                "x": 33.33333333,
                "y": 2.29788476,
                "z": 0.40517908
              },
              {
                "illuminance_lux": 3.09657337,
                "lane_col": 6.0,
                "lane_row": 1.0,
                "luminance_cd_m2": 0.22965939,
                "order": 16.0,
                "x": 40.0,
                "y": 2.29788476,
                "z": 0.40517908
              },
              {
                "illuminance_lux": 2.16674711,
                "lane_col": 7.0,
                "lane_row": 1.0,
                "luminance_cd_m2": 0.16092166,
                "order": 17.0,
                "x": 46.66666667,
                "y": 2.29788476,
                "z": 0.40517908
              },
              {
                "illuminance_lux": 5.63824718,
                "lane_col": 8.0,
                "lane_row": 1.0,
                "luminance_cd_m2": 0.41612251,
                "order": 18.0,
                "x": 53.33333333,
                "y": 2.29788476,