{
  "expected": {
    "results": {
      "lane_metrics": [
        {
          "Lavg_cd_m2": 0.23465753592928534,
          "Lmax_cd_m2": 0.6154772683042374,
          "Lmin_cd_m2": 0.03280802445092935,
          "Ul_luminance": 0.05330501407683503,
          "Uo_luminance": 0.139812362390169,
          "lane_index": 0.0,
          "lane_number": 1.0,
          "longitudinal_line_row_index": 1.0,
          "luminance_mean_cd_m2": 0.23465753592928534,
          "max_lux": 13.606462833507198,
          "mean_lux": 4.0535258986504115,
          "min_lux": 0.5575063584358492,
          "nx": 10.0,
          "ny": 2.0,
          "sample_count": 20.0,
          "ul_longitudinal": 0.05330501407683503,
          "uniformity_min_avg": 0.13753615306157693,
          "uniformity_ratio": 0.13753615306157693
        },
        {
          "Lavg_cd_m2": 0.14727752752055878,
          "Lmax_cd_m2": 0.46573401565002165,
          "Lmin_cd_m2": 0.025033210639137337,
          "Ul_luminance": 0.08205556381679588,
          "Uo_luminance": 0.16997305061115245,
          "lane_index": 1.0,
          "lane_number": 2.0,
          "longitudinal_line_row_index": 1.0,
          "luminance_mean_cd_m2": 0.14727752752055878,
          "max_lux": 10.272479734022683,
          "mean_lux": 2.5870050371227418,
          "min_lux": 0.42297504851493095,
          "nx": 10.0,
          "ny": 2.0,
          "sample_count": 20.0,
          "ul_longitudinal": 0.08205556381679588,
          "uniformity_min_avg": 0.16349989367835263,
          "uniformity_ratio": 0.16349989367835263
        }
      ],
      "mean_lux": 3.320265467886577,
      "road_geometry": {
        "bank_angle_deg": 0.0,
        "curve_angle_deg": 45.0,
        "curve_direction": "left",
        "curve_radius_m": 70.0,
        "longitudinal_spacing_m": 6.1086523819801535,
        "type": "curved"
      },
      "road_luminance_mean_cd_m2": 0.19096753172492206,
      "roadway": {
        "lanes": [
          {
            "lane_index": 0,
            "lane_number": 1,
            "luminance_grid": [
              {
                "illuminance_lux": 12.82772898,
                "lane_col": 0.0,
                "lane_row": 0.0,
                "luminance_cd_m2": 0.58048649,
                "order": 0.0,
                "x": 0.0,
                "y": 0.0,
                "z": 0.0
              },
              {
                "illuminance_lux": 5.9436385,
                "lane_col": 1.0,
                "lane_row": 0.0,
                "luminance_cd_m2": 0.43691641,
                "order": 1.0,
                "x": 6.10090199,
                "y": 0.26637113,
                "z": 0.0
              },
              {
                "illuminance_lux": 2.37639739,
                "lane_col": 2.0,
                "lane_row": 0.0,
                "luminance_cd_m2": 0.177321,
                "order": 2.0,
                "x": 12.15537244,
                "y": 1.06345729,
                "z": 0.0
              },
              {
                "illuminance_lux": 2.450175,
                "lane_col": 3.0,
                "lane_row": 0.0,
                "luminance_cd_m2": 0.18206963,
                "order": 3.0,
                "x": 18.11733316,
                "y": 2.38519216,
                "z": 0.0
              },
              {
                "illuminance_lux": 5.53540769,
                "lane_col": 4.0,
                "lane_row": 0.0,
                "luminance_cd_m2": 0.38513854,
                "order": 4.0,
                "x": 23.94141003,
                "y": 4.22151654,
                "z": 0.0
              },
              {
                "illuminance_lux": 7.42162047,
                "lane_col": 5.0,
                "lane_row": 0.0,
                "luminance_cd_m2": 0.34211938,
                "order": 5.0,
                "x": 29.58327832,
                "y": 6.55845491,
                "z": 0.0
              },
              {
                "illuminance_lux": 3.26939744,
                "lane_col": 6.0,
                "lane_row": 0.0,
                "luminance_cd_m2": 0.19919807,
                "order": 6.0,
                "x": 35.0,
                "y": 9.37822174,
                "z": 0.0
              },
              {
                "illuminance_lux": 1.4250735,
                "lane_col": 7.0,
                "lane_row": 0.0,
                "luminance_cd_m2": 0.0927476,
                "order": 7.0,
                "x": 40.15035054,
                "y": 12.6593569,
                "z": 0.0
              },
              {
                "illuminance_lux": 0.90005419,
                "lane_col": 8.0,
                "lane_row": 0.0,
                "luminance_cd_m2": 0.05713341,
                "order": 8.0,
                "x": 44.99513268,
                "y": 16.37688898,
                "z": 0.0
              },
              {
                "illuminance_lux": 0.65584068,
                "lane_col": 9.0,
                "lane_row": 0.0,
                "luminance_cd_m2": 0.0382049,
                "order": 9.0,
                "x": 49.49747468,
                "y": 20.50252532,
                "z": 0.0
              },
              {
                "illuminance_lux": 13.60646283,
                "lane_col": 0.0,
                "lane_row": 1.0,
                "luminance_cd_m2": 0.61547727,
                "order": 10.0,
                "x": 0.0,
                "y": 2.33333333,
                "z": 0.0
              },
              {
                "illuminance_lux": 6.20852393,
                "lane_col": 1.0,
                "lane_row": 1.0,
                "luminance_cd_m2": 0.45671717,
                "order": 11.0,
                "x": 5.89753859,
                "y": 2.59082543,
                "z": 0.0
              },
              {
                "illuminance_lux": 2.41594866,
                "lane_col": 2.0,
                "lane_row": 1.0,
                "luminance_cd_m2": 0.17838232,
                "order": 12.0,
                "x": 11.75019336,
                "y": 3.36134205,
                "z": 0.0
              },
              {
                "illuminance_lux": 2.19301076,
                "lane_col": 3.0,
                "lane_row": 1.0,
                "luminance_cd_m2": 0.15982424,
                "order": 13.0,
                "x": 17.51342205,
                "y": 4.63901909,
                "z": 0.0
              },
              {
                "illuminance_lux": 3.92310505,
                "lane_col": 4.0,
                "lane_row": 1.0,
                "luminance_cd_m2": 0.25815714,
                "order": 14.0,
                "x": 23.14336303,
                "y": 6.41413266,
                "z": 0.0
              },
              {
                "illuminance_lux": 4.77311396,
                "lane_col": 5.0,
                "lane_row": 1.0,
                "luminance_cd_m2": 0.22629133,
                "order": 15.0,
                "x": 28.59716904,
                "y": 8.67317308,
                "z": 0.0
              },
              {
                "illuminance_lux": 2.5655341,
                "lane_col": 6.0,
                "lane_row": 1.0,
                "luminance_cd_m2": 0.14702291,
                "order": 16.0,
                "x": 33.83333333,
                "y": 11.39894768,
                "z": 0.0
              },
              {
                "illuminance_lux": 1.2451098,
                "lane_col": 7.0,
                "lane_row": 1.0,
                "luminance_cd_m2": 0.07839137,
                "order": 17.0,
                "x": 38.81200553,
                "y": 14.57071167,
                "z": 0.0
              },
              {
                "illuminance_lux": 0.77686869,
                "lane_col": 8.0,
                "lane_row": 1.0,
                "luminance_cd_m2": 0.04874351,
                "order": 18.0,
                "x": 43.49529492,
                "y": 18.16432602,