{
  "expected": {
    "results": {
      "lane_metrics": [
        {
          "Lavg_cd_m2": 0.2368236666564957,
          "Lmax_cd_m2": 0.6533127713591989,
          "Lmin_cd_m2": 0.031958628820476356,
          "Ul_luminance": 0.04891780816405491,
          "Uo_luminance": 0.1349469386724394,
          "lane_index": 0.0,
          "lane_number": 1.0,
          "longitudinal_line_row_index": 1.0,
          "luminance_mean_cd_m2": 0.2368236666564957,
          "max_lux": 14.52607884877505,
          "mean_lux": 4.22170532250954,
          "min_lux": 0.6492478947448557,
          "nx": 10.0,
          "ny": 2.0,
          "sample_count": 20.0,
          "ul_longitudinal": 0.04891780816405491,
          "uniformity_min_avg": 0.15378806552014823,
          "uniformity_ratio": 0.15378806552014823
        },
        {
          "Lavg_cd_m2": 0.1492766879467474,
          "Lmax_cd_m2": 0.5113908233213224,
          "Lmin_cd_m2": 0.022973531263609615,
          "Ul_luminance": 0.06940639199165227,
          "Uo_luminance": 0.1538989883792514,
          "lane_index": 1.0,
          "lane_number": 2.0,
          "longitudinal_line_row_index": 1.0,
          "luminance_mean_cd_m2": 0.1492766879467474,
          "max_lux": 11.715870244362542,
          "mean_lux": 2.865158356137397,
          "min_lux": 0.48014162789059456,
          "nx": 10.0,
          "ny": 2.0,
          "sample_count": 20.0,
          "ul_longitudinal": 0.06940639199165227,
          "uniformity_min_avg": 0.16757943827505833,
          "uniformity_ratio": 0.16757943827505833
        }
      ],
      "mean_lux": 3.5434318393234676,
      "road_geometry": {
        "bank_angle_deg": 6.0,
        "curve_angle_deg": 45.0,
        "curve_direction": "left",
        "curve_radius_m": 70.0,
        "longitudinal_spacing_m": 6.1086523819801535,
        "type": "curved"
      },
      "road_luminance_mean_cd_m2": 0.19305017730162155,
      "roadway": {
        "lanes": [
          {
            "lane_index": 0,
            "lane_number": 1,
            "luminance_grid": [
              {
                "illuminance_lux": 12.50604556,
                "lane_col": 0.0,
                "lane_row": 0.0,
                "luminance_cd_m2": 0.58048649,
                "order": 0.0,
                "x": 0.0,
                "y": 0.0,
                "z": 0.0
              },
              {
                "illuminance_lux": 5.78678179,
                "lane_col": 1.0,
                "lane_row": 0.0,
                "luminance_cd_m2": 0.43691641,
                "order": 1.0,
                "x": 6.10090199,
                "y": 0.26637113,
                "z": 0.0
              },
              {
                "illuminance_lux": 2.33564132,
                "lane_col": 2.0,
                "lane_row": 0.0,
                "luminance_cd_m2": 0.177321,
                "order": 2.0,
                "x": 12.15537244,
                "y": 1.06345729,
                "z": 0.0
              },
              {
                "illuminance_lux": 2.50748203,
                "lane_col": 3.0,
                "lane_row": 0.0,
                "luminance_cd_m2": 0.18206963,
                "order": 3.0,
                "x": 18.11733316,
                "y": 2.38519216,
                "z": 0.0
              },
              {
                "illuminance_lux": 5.8173845,
                "lane_col": 4.0,
                "lane_row": 0.0,
                "luminance_cd_m2": 0.38513854,
                "order": 4.0,
                "x": 23.94141003,
                "y": 4.22151654,
                "z": 0.0
              },
              {
                "illuminance_lux": 7.84689295,
                "lane_col": 5.0,
                "lane_row": 0.0,
                "luminance_cd_m2": 0.34211938,
                "order": 5.0,
                "x": 29.58327832,
                "y": 6.55845491,
                "z": 0.0
              },
              {
                "illuminance_lux": 3.47193942,
                "lane_col": 6.0,
                "lane_row": 0.0,
                "luminance_cd_m2": 0.19919807,
                "order": 6.0,
                "x": 35.0,
                "y": 9.37822174,
                "z": 0.0
              },
              {
                "illuminance_lux": 1.55517268,
                "lane_col": 7.0,
                "lane_row": 0.0,
                "luminance_cd_m2": 0.0927476,
                "order": 7.0,
                "x": 40.15035054,
                "y": 12.6593569,
                "z": 0.0
              },
              {
                "illuminance_lux": 1.02912791,
                "lane_col": 8.0,
                "lane_row": 0.0,
                "luminance_cd_m2": 0.05713341,
                "order": 8.0,
                "x": 44.99513268,
                "y": 16.37688898,
                "z": 0.0
              },
              {
                "illuminance_lux": 0.77284242,
                "lane_col": 9.0,
                "lane_row": 0.0,
                "luminance_cd_m2": 0.0382049,
                "order": 9.0,
                "x": 49.49747468,
                "y": 20.50252532,
                "z": 0.0
              },
              {
                "illuminance_lux": 14.52607885,
                "lane_col": 0.0,
                "lane_row": 1.0,
                "luminance_cd_m2": 0.65331277,
                "order": 10.0,
                "x": 0.0,
                "y": 2.32055109,
                "z": 0.24389975
              },
              {
                "illuminance_lux": 6.36222869,
                "lane_col": 1.0,
                "lane_row": 1.0,
                "luminance_cd_m2": 0.46642547,
                "order": 11.0,
                "x": 5.89865264,
                "y": 2.57809183,
                "z": 0.24389975
              },
              {
                "illuminance_lux": 2.41574095,
                "lane_col": 2.0,
                "lane_row": 1.0,
                "luminance_cd_m2": 0.17636934,
                "order": 12.0,
                "x": 11.75241297,
                "y": 3.34875399,
                "z": 0.24389975
              },
              {
                "illuminance_lux": 2.27391737,
                "lane_col": 3.0,
                "lane_row": 1.0,
                "luminance_cd_m2": 0.15771475,
                "order": 13.0,
                "x": 17.51673034,
                "y": 4.62667239,
                "z": 0.24389975
              },
              {
                "illuminance_lux": 4.26614419,
                "lane_col": 4.0,
                "lane_row": 1.0,
                "luminance_cd_m2": 0.25958176,
                "order": 14.0,
                "x": 23.14773482,
                "y": 6.40212128,
                "z": 0.24389975
              },
              {
                "illuminance_lux": 5.27227912,
                "lane_col": 5.0,
                "lane_row": 1.0,
                "luminance_cd_m2": 0.22904109,
                "order": 15.0,
                "x": 28.60257105,
                "y": 8.66158843,
                "z": 0.24389975
              },
              {
                "illuminance_lux": 2.79387257,
                "lane_col": 6.0,
                "lane_row": 1.0,
                "luminance_cd_m2": 0.14626656,
                "order": 16.0,
                "x": 33.83972446,
                "y": 11.38787793,
                "z": 0.24389975
              },
              {
                "illuminance_lux": 1.3649428,
                "lane_col": 7.0,
                "lane_row": 1.0,
                "luminance_cd_m2": 0.07689875,
                "order": 17.0,
                "x": 38.81933712,
                "y": 14.56024107,
                "z": 0.24389975
              },
              {
                "illuminance_lux": 0.88034344,
                "lane_col": 8.0,
                "lane_row": 1.0,
                "luminance_cd_m2": 0.04756877,
                "order": 18.0,