{
  "expected": {
    "results": {
      "lane_metrics": [
        {
          "Lavg_cd_m2": 0.4751394236847724,
          "Lmax_cd_m2": 0.9904739849904548,
          "Lmin_cd_m2": 0.08148765632269672,
          "Ul_luminance": 0.08227137467268464,
          "Uo_luminance": 0.17150262062185578,
          "lane_index": 0.0,
          "lane_number": 1.0,
          "longitudinal_line_row_index": 1.0,
          "luminance_mean_cd_m2": 0.4751394236847724,
          "max_lux": 15.608271379647835,
          "mean_lux": 7.8445537437933455,
          "min_lux": 1.6877978535377403,
          "nx": 10.0,
          "ny": 2.0,
          "sample_count": 20.0,
          "ul_longitudinal": 0.08227137467268464,
          "uniformity_min_avg": 0.2151553687643654,
          "uniformity_ratio": 0.2151553687643654
        },
        {
          "Lavg_cd_m2": 0.38583466664261507,
          "Lmax_cd_m2": 1.0115270879843044,
          "Lmin_cd_m2": 0.052866034725619446,
          "Ul_luminance": 0.07472633777096832,
          "Uo_luminance": 0.1370173270992971,
          "lane_index": 1.0,
          "lane_number": 2.0,
          "longitudinal_line_row_index": 1.0,
          "luminance_mean_cd_m2": 0.38583466664261507,
          "max_lux": 15.172953195956229,
          "mean_lux": 6.62753764560607,
          "min_lux": 1.1827508399012547,
          "nx": 10.0,
          "ny": 2.0,
          "sample_count": 20.0,
          "ul_longitudinal": 0.07472633777096832,
          "uniformity_min_avg": 0.1784600711676675,
          "uniformity_ratio": 0.1784600711676675
        }
      ],
      "mean_lux": 7.2360456946997065,
      "road_geometry": {
        "bank_angle_deg": 7.0,
        "curve_angle_deg": 45.0,
        "curve_direction": "left",
        "curve_radius_m": 70.0,
        "longitudinal_spacing_m": 6.1086523819801535,
        "type": "curved"
      },
      "road_luminance_mean_cd_m2": 0.4304870451636938,
      "roadway": {
        "lanes": [
          {
            "lane_index": 0,
            "lane_number": 1,
            "luminance_grid": [
              {
                "illuminance_lux": 13.27085453,
                "lane_col": 0.0,
                "lane_row": 0.0,
                "luminance_cd_m2": 0.64522699,
                "order": 0.0,
                "x": 0.0,
                "y": 0.0,
                "z": 0.0
              },
              {
                "illuminance_lux": 8.04378079,
                "lane_col": 1.0,
                "lane_row": 0.0,
                "luminance_cd_m2": 0.60363309,
                "order": 1.0,
                "x": 6.10090199,
                "y": 0.26637113,
                "z": 0.0
              },
              {
                "illuminance_lux": 8.83340093,
                "lane_col": 2.0,
                "lane_row": 0.0,
                "luminance_cd_m2": 0.58104519,
                "order": 2.0,
                "x": 12.15537244,
                "y": 1.06345729,
                "z": 0.0
              },
              {
                "illuminance_lux": 10.31340027,
                "lane_col": 3.0,
                "lane_row": 0.0,
                "luminance_cd_m2": 0.70618085,
                "order": 3.0,
                "x": 18.11733316,
                "y": 2.38519216,
                "z": 0.0
              },
              {
                "illuminance_lux": 9.21662934,
                "lane_col": 4.0,
                "lane_row": 0.0,
                "luminance_cd_m2": 0.64649462,
                "order": 4.0,
                "x": 23.94141003,
                "y": 4.22151654,
                "z": 0.0
              },
              {
                "illuminance_lux": 9.97459193,
                "lane_col": 5.0,
                "lane_row": 0.0,
                "luminance_cd_m2": 0.49483539,
                "order": 5.0,
                "x": 29.58327832,
                "y": 6.55845491,
                "z": 0.0
              },
              {
                "illuminance_lux": 6.43651958,
                "lane_col": 6.0,
                "lane_row": 0.0,
                "luminance_cd_m2": 0.38917262,
                "order": 6.0,
                "x": 35.0,
                "y": 9.37822174,
                "z": 0.0
              },
              {
                "illuminance_lux": 5.64434125,
                "lane_col": 7.0,
                "lane_row": 0.0,
                "luminance_cd_m2": 0.30256019,
                "order": 7.0,
                "x": 40.15035054,
                "y": 12.6593569,
                "z": 0.0
              },
              {
                "illuminance_lux": 3.67656424,
                "lane_col": 8.0,
                "lane_row": 0.0,
                "luminance_cd_m2": 0.17204886,
                "order": 8.0,
                "x": 44.99513268,
                "y": 16.37688898,
                "z": 0.0
              },
              {
                "illuminance_lux": 2.01036485,
                "lane_col": 9.0,
                "lane_row": 0.0,
                "luminance_cd_m2": 0.10136911,
                "order": 9.0,
                "x": 49.49747468,
                "y": 20.50252532,
                "z": 0.0
              },
              {
                "illuminance_lux": 15.60827138,
                "lane_col": 0.0,
                "lane_row": 1.0,
                "luminance_cd_m2": 0.73279857,
                "order": 10.0,
                "x": 0.0,
                "y": 2.31594102,
                "z": 0.2843618
              },
              {
                "illuminance_lux": 9.13807505,
                "lane_col": 1.0,
                "lane_row": 1.0,
                "luminance_cd_m2": 0.67544971,
                "order": 11.0,
                "x": 5.89905443,
                "y": 2.5734993,
                "z": 0.2843618
              },
              {
                "illuminance_lux": 11.56260744,
                "lane_col": 2.0,
                "lane_row": 1.0,
                "luminance_cd_m2": 0.81053632,
                "order": 12.0,
                "x": 11.7532135,
                "y": 3.34421396,
                "z": 0.2843618
              },
              {
                "illuminance_lux": 13.7055969,
                "lane_col": 3.0,
                "lane_row": 1.0,
                "luminance_cd_m2": 0.99047398,
                "order": 13.0,
                "x": 17.51792351,
                "y": 4.6222194,
                "z": 0.2843618
              },
              {
                "illuminance_lux": 8.34854889,
                "lane_col": 4.0,
                "lane_row": 1.0,
                "luminance_cd_m2": 0.56671967,
                "order": 14.0,
                "x": 23.14931155,
                "y": 6.39778923,
                "z": 0.2843618
              },
              {
                "illuminance_lux": 7.3826061,
                "lane_col": 5.0,
                "lane_row": 1.0,
                "luminance_cd_m2": 0.3743859,
                "order": 15.0,
                "x": 28.60451935,
                "y": 8.65741029,
                "z": 0.2843618
              },
              {
                "illuminance_lux": 5.09300074,
                "lane_col": 6.0,
                "lane_row": 1.0,
                "luminance_cd_m2": 0.28586089,
                "order": 16.0,
                "x": 33.84202949,
                "y": 11.38388549,
                "z": 0.2843618
              },
              {
                "illuminance_lux": 4.1099321,
                "lane_col": 7.0,
                "lane_row": 1.0,
                "luminance_cd_m2": 0.21396406,
                "order": 17.0,
                "x": 38.82198135,
                "y": 14.55646472,
                "z": 0.2843618
              },
              {
                "illuminance_lux": 2.83419071,
                "lane_col": 8.0,
                "lane_row": 1.0,
                "luminance_cd_m2": 0.1285448,
                "order": 18.0,
                "x": 43.50647449,