{
  "expected": {
    "results": {
      "lane_metrics": [
        {
          "Lavg_cd_m2": 0.22267398223427767,
          "Lmax_cd_m2": 0.6154772683042374,
          "Lmin_cd_m2": 0.028786064793923954,
          "Ul_luminance": 0.05417619226136713,
          "Uo_luminance": 0.1292744868757852,
          "lane_index": 0.0,
          "lane_number": 1.0,
          "longitudinal_line_row_index": 1.0,
          "luminance_mean_cd_m2": 0.22267398223427767,
          "max_lux": 13.606462833507198,
          "mean_lux": 3.853245628129231,
          "min_lux": 0.5042384522842963,
          "nx": 10.0,
          "ny": 2.0,
          "sample_count": 20.0,
          "ul_longitudinal": 0.05417619226136713,
          "uniformity_min_avg": 0.1308607083346271,
          "uniformity_ratio": 0.1308607083346271
        },
        {
          "Lavg_cd_m2": 0.2703892889239923,
          "Lmax_cd_m2": 0.7121272290637677,
          "Lmin_cd_m2": 0.03923548536193272,
          "Ul_luminance": 0.06605084136590622,
          "Uo_luminance": 0.1451073950379817,
          "lane_index": 1.0,
          "lane_number": 2.0,
          "longitudinal_line_row_index": 1.0,
          "luminance_mean_cd_m2": 0.2703892889239923,
          "max_lux": 10.599662768240629,
          "mean_lux": 4.269972874822343,
          "min_lux": 0.7154392924617137,
          "nx": 10.0,
          "ny": 2.0,
          "sample_count": 20.0,
          "ul_longitudinal": 0.06605084136590622,
          "uniformity_min_avg": 0.16755124995764298,
          "uniformity_ratio": 0.16755124995764298
        }
      ],
      "mean_lux": 4.061609251475787,
      "road_geometry": {
        "bank_angle_deg": 0.0,
        "curve_angle_deg": 45.0,
        "curve_direction": "right",
        "curve_radius_m": 70.0,
        "longitudinal_spacing_m": 6.1086523819801535,
        "type": "curved"
      },
      "road_luminance_mean_cd_m2": 0.246531635579135,
      "roadway": {
        "lanes": [
          {
            "lane_index": 0,
            "lane_number": 1,
            "luminance_grid": [
              {
                "illuminance_lux": 12.82772898,
                "lane_col": 0.0,
                "lane_row": 0.0,
                "luminance_cd_m2": 0.58048649,
                "order": 0.0,
                "x": 0.0,
                "y": 0.0,
                "z": 0.0
              },
              {
                "illuminance_lux": 5.79507051,
                "lane_col": 1.0,
                "lane_row": 0.0,
                "luminance_cd_m2": 0.42282549,
                "order": 1.0,
                "x": 6.10090199,
                "y": -0.26637113,
                "z": 0.0
              },
              {
                "illuminance_lux": 2.28011523,
                "lane_col": 2.0,
                "lane_row": 0.0,
                "luminance_cd_m2": 0.16765502,
                "order": 2.0,
                "x": 12.15537244,
                "y": -1.06345729,
                "z": 0.0
              },
              {
                "illuminance_lux": 2.23257155,
                "lane_col": 3.0,
                "lane_row": 0.0,
                "luminance_cd_m2": 0.15993472,
                "order": 3.0,
                "x": 18.11733316,
                "y": -2.38519216,
                "z": 0.0
              },
              {
                "illuminance_lux": 3.97277447,
                "lane_col": 4.0,
                "lane_row": 0.0,
                "luminance_cd_m2": 0.25024441,
                "order": 4.0,
                "x": 23.94141003,
                "y": -4.22151654,
                "z": 0.0
              },
              {
                "illuminance_lux": 4.10325784,
                "lane_col": 5.0,
                "lane_row": 0.0,
                "luminance_cd_m2": 0.19228109,
                "order": 5.0,
                "x": 29.58327832,
                "y": -6.55845491,
                "z": 0.0
              },
              {
                "illuminance_lux": 2.04917713,
                "lane_col": 6.0,
                "lane_row": 0.0,
                "luminance_cd_m2": 0.12148604,
                "order": 6.0,
                "x": 35.0,
                "y": -9.37822174,
                "z": 0.0
              },
              {
                "illuminance_lux": 1.05091225,
                "lane_col": 7.0,
                "lane_row": 0.0,
                "luminance_cd_m2": 0.06667958,
                "order": 7.0,
                "x": 40.15035054,
                "y": -12.6593569,
                "z": 0.0
              },
              {
                "illuminance_lux": 0.69580407,
                "lane_col": 8.0,
                "lane_row": 0.0,
                "luminance_cd_m2": 0.04297595,
                "order": 8.0,
                "x": 44.99513268,
                "y": -16.37688898,
                "z": 0.0
              },
              {
                "illuminance_lux": 0.50423845,
                "lane_col": 9.0,
                "lane_row": 0.0,
                "luminance_cd_m2": 0.02878606,
                "order": 9.0,
                "x": 49.49747468,
                "y": -20.50252532,
                "z": 0.0
              },
              {
                "illuminance_lux": 13.60646283,
                "lane_col": 0.0,
                "lane_row": 1.0,
                "luminance_cd_m2": 0.61547727,
                "order": 10.0,
                "x": 0.0,
                "y": 2.33333333,
                "z": 0.0
              },
              {
                "illuminance_lux": 5.83047464,
                "lane_col": 1.0,
                "lane_row": 1.0,
                "luminance_cd_m2": 0.43264875,
                "order": 11.0,
                "x": 6.30426539,
                "y": 2.05808316,
                "z": 0.0
              },
              {
                "illuminance_lux": 2.29825652,
                "lane_col": 2.0,
                "lane_row": 1.0,
                "luminance_cd_m2": 0.17169964,
                "order": 12.0,
                "x": 12.56055152,
                "y": 1.23442747,
                "z": 0.0
              },
              {
                "illuminance_lux": 2.57979502,
                "lane_col": 3.0,
                "lane_row": 1.0,
                "luminance_cd_m2": 0.19029872,
                "order": 13.0,
                "x": 18.72124426,
                "y": -0.13136523,
                "z": 0.0
              },
              {
                "illuminance_lux": 5.85629958,
                "lane_col": 4.0,
                "lane_row": 1.0,
                "luminance_cd_m2": 0.38799634,
                "order": 14.0,
                "x": 24.73945703,
                "y": -2.02890043,
                "z": 0.0
              },
              {
                "illuminance_lux": 6.23097648,
                "lane_col": 5.0,
                "lane_row": 1.0,
                "luminance_cd_m2": 0.30147002,
                "order": 15.0,
                "x": 30.5693876,
                "y": -4.44373674,
                "z": 0.0
              },
              {
                "illuminance_lux": 2.53548213,
                "lane_col": 6.0,
                "lane_row": 1.0,
                "luminance_cd_m2": 0.1580331,
                "order": 16.0,
                "x": 36.16666667,
                "y": -7.35749579,
                "z": 0.0
              },
              {
                "illuminance_lux": 1.20500505,
                "lane_col": 7.0,
                "lane_row": 1.0,
                "luminance_cd_m2": 0.07846555,
                "order": 17.0,
                "x": 41.48869556,
                "y": -10.74800213,
                "z": 0.0
              },
              {
                "illuminance_lux": 0.81665977,
                "lane_col": 8.0,
                "lane_row": 1.0,
                "luminance_cd_m2": 0.0506912,
                "order": 18.0,
                "x": 46.49497043,
                "y": -14.58945195,