{
  "expected": {
    "results": {
      "lane_metrics": [
        {
          "Lavg_cd_m2": 0.3988815365717351,
          "Lmax_cd_m2": 0.639222642694983,
          "Lmin_cd_m2": 0.21080833505768634,
          "Ul_luminance": 0.33414751281799787,
          "Uo_luminance": 0.5284986035440987,
          "lane_index": 0.0,
          "lane_number": 1.0,
          "longitudinal_line_row_index": 1.0,
          "luminance_mean_cd_m2": 0.3988815365717351,
          "max_lux": 8.74054297917203,
          "mean_lux": 6.083339060797998,
          "min_lux": 2.8449359684588793,
          "nx": 10.0,
          "ny": 2.0,
          "sample_count": 20.0,
          "ul_longitudinal": 0.33414751281799787,
          "uniformity_min_avg": 0.4676602668412974,
          "uniformity_ratio": 0.4676602668412974
        },
        {
          "Lavg_cd_m2": 0.3246425796546969,
          "Lmax_cd_m2": 0.5220841261929752,
          "Lmin_cd_m2": 0.1744547650598335,
          "Ul_luminance": 0.44001776306531354,
          "Uo_luminance": 0.5373748731463098,
          "lane_index": 1.0,
          "lane_number": 2.0,
          "longitudinal_line_row_index": 1.0,
          "luminance_mean_cd_m2": 0.3246425796546969,
          "max_lux": 8.794066953545537,
          "mean_lux": 5.3690610465711694,
          "min_lux": 2.447402871052252,
          "nx": 10.0,
          "ny": 2.0,
          "sample_count": 20.0,
          "ul_longitudinal": 0.44001776306531354,
          "uniformity_min_avg": 0.4558344279983985,
          "uniformity_ratio": 0.4558344279983985
        }
      ],
      "mean_lux": 5.726200053684584,
      "road_geometry": {
        "bank_angle_deg": 0.0,
        "curve_angle_deg": null,
        "curve_direction": "left",
        "curve_radius_m": null,
        "longitudinal_spacing_m": 6.666666666666667,
        "type": "straight"
      },
      "road_luminance_mean_cd_m2": 0.361762058113216,
      "roadway": {
        "lanes": [
          {
            "lane_index": 0,
            "lane_number": 1,
            "luminance_grid": [
              {
                "illuminance_lux": 8.49000091,
                "lane_col": 0.0,
                "lane_row": 0.0,
                "luminance_cd_m2": 0.38777942,
                "order": 0.0,
                "x": 0.0,
                "y": 0.0,
                "z": 0.0
              },
              {
                "illuminance_lux": 6.33632655,
                "lane_col": 1.0,
                "lane_row": 0.0,
                "luminance_cd_m2": 0.46502572,
                "order": 1.0,
                "x": 6.66666667,
                "y": 0.0,
                "z": 0.0
              },
              {
                "illuminance_lux": 2.84493597,
                "lane_col": 2.0,
                "lane_row": 0.0,
                "luminance_cd_m2": 0.21080834,
                "order": 2.0,
                "x": 13.33333333,
                "y": 0.0,
                "z": 0.0
              },
              {
                "illuminance_lux": 3.98647187,
                "lane_col": 3.0,
                "lane_row": 0.0,
                "luminance_cd_m2": 0.29384801,
                "order": 3.0,
                "x": 20.0,
                "y": 0.0,
                "z": 0.0
              },
              {
                "illuminance_lux": 8.63660436,
                "lane_col": 4.0,
                "lane_row": 0.0,
                "luminance_cd_m2": 0.60172506,
                "order": 4.0,
                "x": 26.66666667,
                "y": 0.0,
                "z": 0.0
              },
              {
                "illuminance_lux": 8.64548187,
                "lane_col": 5.0,
                "lane_row": 0.0,
                "luminance_cd_m2": 0.60851306,
                "order": 5.0,
                "x": 33.33333333,
                "y": 0.0,
                "z": 0.0
              },
              {
                "illuminance_lux": 4.01537025,
                "lane_col": 6.0,
                "lane_row": 0.0,
                "luminance_cd_m2": 0.29693361,
                "order": 6.0,
                "x": 40.0,
                "y": 0.0,
                "z": 0.0
              },
              {
                "illuminance_lux": 2.90192363,
                "lane_col": 7.0,
                "lane_row": 0.0,
                "luminance_cd_m2": 0.21498915,
                "order": 7.0,
                "x": 46.66666667,
                "y": 0.0,
                "z": 0.0
              },
              {
                "illuminance_lux": 6.44039831,
                "lane_col": 8.0,
                "lane_row": 0.0,
                "luminance_cd_m2": 0.47151771,
                "order": 8.0,
                "x": 53.33333333,
                "y": 0.0,
                "z": 0.0
              },
              {
                "illuminance_lux": 8.68626857,
                "lane_col": 9.0,
                "lane_row": 0.0,
                "luminance_cd_m2": 0.40310125,
                "order": 9.0,
                "x": 60.0,
                "y": 0.0,
                "z": 0.0
              },
              {
                "illuminance_lux": 8.07152237,
                "lane_col": 0.0,
                "lane_row": 1.0,
                "luminance_cd_m2": 0.3690985,
                "order": 10.0,
                "x": 0.0,
                "y": 2.33333333,
                "z": 0.0
              },
              {
                "illuminance_lux": 6.43043996,
                "lane_col": 1.0,
                "lane_row": 1.0,
                "luminance_cd_m2": 0.47570679,
                "order": 11.0,
                "x": 6.66666667,
                "y": 2.33333333,
                "z": 0.0
              },
              {
                "illuminance_lux": 2.87026567,
                "lane_col": 2.0,
                "lane_row": 1.0,
                "luminance_cd_m2": 0.21359466,
                "order": 12.0,
                "x": 13.33333333,
                "y": 2.33333333,
                "z": 0.0
              },
              {
                "illuminance_lux": 4.03965387,
                "lane_col": 3.0,
                "lane_row": 1.0,
                "luminance_cd_m2": 0.29990106,
                "order": 13.0,
                "x": 20.0,
                "y": 2.33333333,
                "z": 0.0
              },
              {
                "illuminance_lux": 8.73165583,
                "lane_col": 4.0,
                "lane_row": 1.0,
                "luminance_cd_m2": 0.63766571,
                "order": 14.0,
                "x": 26.66666667,
                "y": 2.33333333,
                "z": 0.0
              },
              {
                "illuminance_lux": 8.74054298,
                "lane_col": 5.0,
                "lane_row": 1.0,
                "luminance_cd_m2": 0.63922264,
                "order": 15.0,
                "x": 33.33333333,
                "y": 2.33333333,
                "z": 0.0
              },
              {
                "illuminance_lux": 4.06858653,
                "lane_col": 6.0,
                "lane_row": 1.0,
                "luminance_cd_m2": 0.30245909,
                "order": 16.0,
                "x": 40.0,
                "y": 2.33333333,
                "z": 0.0
              },
              {
                "illuminance_lux": 2.92733375,
                "lane_col": 7.0,
                "lane_row": 1.0,
                "luminance_cd_m2": 0.21793291,
                "order": 17.0,
                "x": 46.66666667,
                "y": 2.33333333,
                "z": 0.0
              },
              {
                "illuminance_lux": 6.53470175,
                "lane_col": 8.0,
                "lane_row": 1.0,
                "luminance_cd_m2": 0.48338402,
                "order": 18.0,
                "x": 53.33333333,
                "y": 2.33333333,
                "z": 0.0
              },
              {
                "illuminance_lux": 8.26829623,