{
  "expected": {
    "results": {
      "lane_metrics": [
        {
          "Lavg_cd_m2": 0.41699074347251963,
          "Lmax_cd_m2": 0.7488116906730701,
          "Lmin_cd_m2": 0.15978029214381254,
          "Ul_luminance": 0.21602857908727824,
          "Uo_luminance": 0.3831746738865975,
          "lane_index": 0.0,
          "lane_number": 1.0,
          "longitudinal_line_row_index": 1.0,
          "luminance_mean_cd_m2": 0.41699074347251963,
          "max_lux": 13.54110433020356,
          "mean_lux": 6.740405127219913,
          "min_lux": 2.1560846939176423,
          "nx": 10.0,
          "ny": 2.0,
          "sample_count": 20.0,
          "ul_longitudinal": 0.21602857908727824,
          "uniformity_min_avg": 0.31987464450922726,
          "uniformity_ratio": 0.31987464450922726
        },
        {
          "Lavg_cd_m2": 0.2910510439118478,
          "Lmax_cd_m2": 0.5615226209615749,
          "Lmin_cd_m2": 0.13168000161414306,
          "Ul_luminance": 0.3582599407412064,
          "Uo_luminance": 0.4524292366188032,
          "lane_index": 1.0,
          "lane_number": 2.0,
          "longitudinal_line_row_index": 1.0,
          "luminance_mean_cd_m2": 0.2910510439118478,
          "max_lux": 10.088548640645525,
          "mean_lux": 4.893000618506934,
          "min_lux": 1.8473221088705292,
          "nx": 10.0,
          "ny": 2.0,
          "sample_count": 20.0,
          "ul_longitudinal": 0.3582599407412064,
          "uniformity_min_avg": 0.3775438126623877,
          "uniformity_ratio": 0.3775438126623877
        }
      ],
      "mean_lux": 5.816702872863424,
      "road_geometry": {
        "bank_angle_deg": 0.0,
        "curve_angle_deg": null,
        "curve_direction": "left",
        "curve_radius_m": null,
        "longitudinal_spacing_m": 6.666666666666667,
        "type": "straight"
      },
      "road_luminance_mean_cd_m2": 0.3540208936921837,
      "roadway": {
        "lanes": [
          {
            "lane_index": 0,
            "lane_number": 1,
            "luminance_grid": [
              {
                "illuminance_lux": 13.08234251,
                "lane_col": 0.0,
                "lane_row": 0.0,
                "luminance_cd_m2": 0.59188133,
                "order": 0.0,
                "x": 0.0,
                "y": 0.0,
                "z": 0.0
              },
              {
                "illuminance_lux": 5.33171989,
                "lane_col": 1.0,
                "lane_row": 0.0,
                "luminance_cd_m2": 0.3923137,
                "order": 1.0,
                "x": 6.66666667,
                "y": 0.0,
                "z": 0.0
              },
              {
                "illuminance_lux": 2.15608469,
                "lane_col": 2.0,
                "lane_row": 0.0,
                "luminance_cd_m2": 0.15978029,
                "order": 2.0,
                "x": 13.33333333,
                "y": 0.0,
                "z": 0.0
              },
              {
                "illuminance_lux": 3.02056662,
                "lane_col": 3.0,
                "lane_row": 0.0,
                "luminance_cd_m2": 0.22194833,
                "order": 3.0,
                "x": 20.0,
                "y": 0.0,
                "z": 0.0
              },
              {
                "illuminance_lux": 9.34361263,
                "lane_col": 4.0,
                "lane_row": 0.0,
                "luminance_cd_m2": 0.63384222,
                "order": 4.0,
                "x": 26.66666667,
                "y": 0.0,
                "z": 0.0
              },
              {
                "illuminance_lux": 9.35010163,
                "lane_col": 5.0,
                "lane_row": 0.0,
                "luminance_cd_m2": 0.64106595,
                "order": 5.0,
                "x": 33.33333333,
                "y": 0.0,
                "z": 0.0
              },
              {
                "illuminance_lux": 3.04170712,
                "lane_col": 6.0,
                "lane_row": 0.0,
                "luminance_cd_m2": 0.22423144,
                "order": 6.0,
                "x": 40.0,
                "y": 0.0,
                "z": 0.0
              },
              {
                "illuminance_lux": 2.1978453,
                "lane_col": 7.0,
                "lane_row": 0.0,
                "luminance_cd_m2": 0.16283283,
                "order": 7.0,
                "x": 46.66666667,
                "y": 0.0,
                "z": 0.0
              },
              {
                "illuminance_lux": 5.408197,
                "lane_col": 8.0,
                "lane_row": 0.0,
                "luminance_cd_m2": 0.39691438,
                "order": 8.0,
                "x": 53.33333333,
                "y": 0.0,
                "z": 0.0
              },
              {
                "illuminance_lux": 13.22717881,
                "lane_col": 9.0,
                "lane_row": 0.0,
                "luminance_cd_m2": 0.6036838,
                "order": 9.0,
                "x": 60.0,
                "y": 0.0,
                "z": 0.0
              },
              {
                "illuminance_lux": 13.39543756,
                "lane_col": 0.0,
                "lane_row": 1.0,
                "luminance_cd_m2": 0.6060315,
                "order": 10.0,
                "x": 0.0,
                "y": 2.33333333,
                "z": 0.0
              },
              {
                "illuminance_lux": 5.3829982,
                "lane_col": 1.0,
                "lane_row": 1.0,
                "luminance_cd_m2": 0.39710351,
                "order": 11.0,
                "x": 6.66666667,
                "y": 2.33333333,
                "z": 0.0
              },
              {
                "illuminance_lux": 2.17395187,
                "lane_col": 2.0,
                "lane_row": 1.0,
                "luminance_cd_m2": 0.16176473,
                "order": 12.0,
                "x": 13.33333333,
                "y": 2.33333333,
                "z": 0.0
              },
              {
                "illuminance_lux": 3.10712569,
                "lane_col": 3.0,
                "lane_row": 1.0,
                "luminance_cd_m2": 0.23140222,
                "order": 13.0,
                "x": 20.0,
                "y": 2.33333333,
                "z": 0.0
              },
              {
                "illuminance_lux": 10.11883716,
                "lane_col": 4.0,
                "lane_row": 1.0,
                "luminance_cd_m2": 0.74726567,
                "order": 14.0,
                "x": 26.66666667,
                "y": 2.33333333,
                "z": 0.0
              },
              {
                "illuminance_lux": 10.12534175,
                "lane_col": 5.0,
                "lane_row": 1.0,
                "luminance_cd_m2": 0.74881169,
                "order": 15.0,
                "x": 33.33333333,
                "y": 2.33333333,
                "z": 0.0
              },
              {
                "illuminance_lux": 3.12832167,
                "lane_col": 6.0,
                "lane_row": 1.0,
                "luminance_cd_m2": 0.23329501,
                "order": 16.0,
                "x": 40.0,
                "y": 2.33333333,
                "z": 0.0
              },
              {
                "illuminance_lux": 2.21584301,
                "lane_col": 7.0,
                "lane_row": 1.0,
                "luminance_cd_m2": 0.16495362,
                "order": 17.0,
                "x": 46.66666667,
                "y": 2.33333333,
                "z": 0.0
              },
              {
                "illuminance_lux": 5.4597851,
                "lane_col": 8.0,
                "lane_row": 1.0,
                "luminance_cd_m2": 0.40274441,
                "order": 18.0,
                "x": 53.33333333,
                "y": 2.33333333,
                "z": 0.0
              },
              {
                "illuminance_lux": 13.54110433,