{
  "expected": {
    "results": {
      "lane_metrics": [
        {
          "Lavg_cd_m2": 0.019181909081984867,
          "Lmax_cd_m2": 0.040073134099674244,
          "Lmin_cd_m2": 0.01034907258852206,
          "Ul_luminance": 0.3551881646689392,
          "Uo_luminance": 0.5395225545220435,
          "lane_index": 0.0,
          "lane_number": 1.0,
          "longitudinal_line_row_index": 1.0,
          "luminance_mean_cd_m2": 0.019181909081984867,
          "max_lux": 0.5449759246643933,
          "mean_lux": 0.3015828534989062,
          "min_lux": 0.1398465329375546,
          "nx": 8.0,
          "ny": 2.0,
          "sample_count": 16.0,
          "ul_longitudinal": 0.3551881646689392,
          "uniformity_min_avg": 0.463708501047331,
          "uniformity_ratio": 0.463708501047331
        },
        {
          "Lavg_cd_m2": 0.01854969029047911,
          "Lmax_cd_m2": 0.030881737852931076,
          "Lmin_cd_m2": 0.012317601786984959,
          "Ul_luminance": 0.5364091691347352,
          "Uo_luminance": 0.6640327463206834,
          "lane_index": 1.0,
          "lane_number": 2.0,
          "longitudinal_line_row_index": 1.0,
          "luminance_mean_cd_m2": 0.01854969029047911,
          "max_lux": 0.4672517686819335,
          "mean_lux": 0.30549084619030703,
          "min_lux": 0.17355056306697203,
          "nx": 8.0,
          "ny": 2.0,
          "sample_count": 16.0,
          "ul_longitudinal": 0.5364091691347352,
          "uniformity_min_avg": 0.5681039717925226,
          "uniformity_ratio": 0.5681039717925226
        }
      ],
      "mean_lux": 0.3035368498446066,
      "road_luminance_mean_cd_m2": 0.01886579968623199,
      "roadway": {
        "lanes": [
          {
            "lane_index": 0,
            "lane_number": 1,
            "luminance_grid": [
              {
                "illuminance_lux": 0.34255289,
                "lane_col": 0.0,
                "lane_row": 0.0,
                "luminance_cd_m2": 0.0157763,
                "order": 0.0,
                "x": 0.0,
                "y": 0.0,
                "z": 0.0
              },
              {
                "illuminance_lux": 0.1868618,
                "lane_col": 1.0,
                "lane_row": 0.0,
                "luminance_cd_m2": 0.01378471,
                "order": 1.0,
                "x": 8.57142857,
                "y": 0.0,
                "z": 0.0
              },
              {
                "illuminance_lux": 0.13984653,
                "lane_col": 2.0,
                "lane_row": 0.0,
                "luminance_cd_m2": 0.01034907,
                "order": 2.0,
                "x": 17.14285714,
                "y": 0.0,
                "z": 0.0
              },
              {
                "illuminance_lux": 0.28506392,
                "lane_col": 3.0,
                "lane_row": 0.0,
                "luminance_cd_m2": 0.02034513,
                "order": 3.0,
                "x": 25.71428571,
                "y": 0.0,
                "z": 0.0
              },
              {
                "illuminance_lux": 0.28506392,
                "lane_col": 4.0,
                "lane_row": 0.0,
                "luminance_cd_m2": 0.02053774,
                "order": 4.0,
                "x": 34.28571429,
                "y": 0.0,
                "z": 0.0
              },
              {
                "illuminance_lux": 0.13984653,
                "lane_col": 5.0,
                "lane_row": 0.0,
                "luminance_cd_m2": 0.01036716,
                "order": 5.0,
                "x": 42.85714286,
                "y": 0.0,
                "z": 0.0
              },
              {
                "illuminance_lux": 0.1868618,
                "lane_col": 6.0,
                "lane_row": 0.0,
                "luminance_cd_m2": 0.01375864,
                "order": 6.0,
                "x": 51.42857143,
                "y": 0.0,
                "z": 0.0
              },
              {
                "illuminance_lux": 0.34255289,
                "lane_col": 7.0,
                "lane_row": 0.0,
                "luminance_cd_m2": 0.01580702,
                "order": 7.0,
                "x": 60.0,
                "y": 0.0,
                "z": 0.0
              },
              {
                "illuminance_lux": 0.52216109,
                "lane_col": 0.0,
                "lane_row": 1.0,
                "luminance_cd_m2": 0.0238404,
                "order": 8.0,
                "x": 0.0,
                "y": 2.33333333,
                "z": 0.0
              },
              {
                "illuminance_lux": 0.34110653,
                "lane_col": 1.0,
                "lane_row": 1.0,
                "luminance_cd_m2": 0.02530359,
                "order": 9.0,
                "x": 8.57142857,
                "y": 2.33333333,
                "z": 0.0
              },
              {
                "illuminance_lux": 0.19125178,
                "lane_col": 2.0,
                "lane_row": 1.0,
                "luminance_cd_m2": 0.0142335,
                "order": 10.0,
                "x": 17.14285714,
                "y": 2.33333333,
                "z": 0.0
              },
              {
                "illuminance_lux": 0.32434787,
                "lane_col": 3.0,
                "lane_row": 1.0,
                "luminance_cd_m2": 0.02384815,
                "order": 11.0,
                "x": 25.71428571,
                "y": 2.33333333,
                "z": 0.0
              },
              {
                "illuminance_lux": 0.54497592,
                "lane_col": 4.0,
                "lane_row": 1.0,
                "luminance_cd_m2": 0.04007313,
                "order": 12.0,
                "x": 34.28571429,
                "y": 2.33333333,
                "z": 0.0
              },
              {
                "illuminance_lux": 0.23129489,
                "lane_col": 5.0,
                "lane_row": 1.0,
                "luminance_cd_m2": 0.01722077,
                "order": 13.0,
                "x": 42.85714286,
                "y": 2.33333333,
                "z": 0.0
              },
              {
                "illuminance_lux": 0.2255249,
                "lane_col": 6.0,
                "lane_row": 1.0,
                "luminance_cd_m2": 0.01674851,
                "order": 14.0,
                "x": 51.42857143,
                "y": 2.33333333,
                "z": 0.0
              },
              {
                "illuminance_lux": 0.53601238,
                "lane_col": 7.0,
                "lane_row": 1.0,
                "luminance_cd_m2": 0.02491671,
                "order": 15.0,
                "x": 60.0,
                "y": 2.33333333,
                "z": 0.0
              }
            ],
            "metrics": {
              "Lavg": 0.019181909081984867,
              "Lmin": 0.01034907258852206,
              "Ul": 0.3551881646689392,
              "Uo": 0.5395225545220435
            }
          },
          {
            "lane_index": 1,
            "lane_number": 2,
            "luminance_grid": [
              {
                "illuminance_lux": 0.45421949,
                "lane_col": 0.0,
                "lane_row": 0.0,
                "luminance_cd_m2": 0.02078527,
                "order": 0.0,
                "x": 0.0,
                "y": 4.66666667,
                "z": 0.0
              },
              {
                "illuminance_lux": 0.30818943,
                "lane_col": 1.0,
                "lane_row": 0.0,
                "luminance_cd_m2": 0.02220321,
                "order": 1.0,
                "x": 8.57142857,
                "y": 4.66666667,
                "z": 0.0
              },
              {
                "illuminance_lux": 0.18640691,
                "lane_col": 2.0,
                "lane_row": 0.0,
                "luminance_cd_m2": 0.013637,
                "order": 2.0,
                "x": 17.14285714,
                "y": 4.66666667,