{
  "expected": {
    "results": {
      "lane_metrics": [
        {
          "Lavg_cd_m2": 0.039404259701939934,
          "Lmax_cd_m2": 0.0893072208337263,
          "Lmin_cd_m2": 0.008116075230314249,
          "Ul_luminance": 0.12173276627242952,
          "Uo_luminance": 0.20596948887520103,
          "lane_index": 0.0,
          "lane_number": 1.0,
          "longitudinal_line_row_index": 1.0,
          "luminance_mean_cd_m2": 0.039404259701939934,
          "max_lux": 1.9685834947673482,
          "mean_lux": 0.6903469787189924,
          "min_lux": 0.10971701734801462,
          "nx": 8.0,
          "ny": 2.0,
          "sample_count": 16.0,
          "ul_longitudinal": 0.12173276627242952,
          "uniformity_min_avg": 0.1589302491793409,
          "uniformity_ratio": 0.1589302491793409
        },
        {
          "Lavg_cd_m2": 0.027891385899383288,
          "Lmax_cd_m2": 0.05787455039077209,
          "Lmin_cd_m2": 0.008980214536255634,
          "Ul_luminance": 0.27207040485447165,
          "Uo_luminance": 0.3219708969877398,
          "lane_index": 1.0,
          "lane_number": 2.0,
          "longitudinal_line_row_index": 1.0,
          "luminance_mean_cd_m2": 0.027891385899383288,
          "max_lux": 1.277724738819963,
          "mean_lux": 0.49695454602278366,
          "min_lux": 0.12687417246415175,
          "nx": 8.0,
          "ny": 2.0,
          "sample_count": 16.0,
          "ul_longitudinal": 0.27207040485447165,
          "uniformity_min_avg": 0.25530337428150823,
          "uniformity_ratio": 0.25530337428150823
        }
      ],
      "mean_lux": 0.593650762370888,
      "road_luminance_mean_cd_m2": 0.03364782280066161,
      "roadway": {
        "lanes": [
          {
            "lane_index": 0,
            "lane_number": 1,
            "luminance_grid": [
              {
                "illuminance_lux": 1.19669027,
                "lane_col": 0.0,
                "lane_row": 0.0,
                "luminance_cd_m2": 0.05389606,
                "order": 0.0,
                "x": 0.0,
                "y": 0.0,
                "z": 0.0
              },
              {
                "illuminance_lux": 0.21094564,
                "lane_col": 1.0,
                "lane_row": 0.0,
                "luminance_cd_m2": 0.01555415,
                "order": 1.0,
                "x": 8.57142857,
                "y": 0.0,
                "z": 0.0
              },
              {
                "illuminance_lux": 0.10971702,
                "lane_col": 2.0,
                "lane_row": 0.0,
                "luminance_cd_m2": 0.00811608,
                "order": 2.0,
                "x": 17.14285714,
                "y": 0.0,
                "z": 0.0
              },
              {
                "illuminance_lux": 0.60327653,
                "lane_col": 3.0,
                "lane_row": 0.0,
                "luminance_cd_m2": 0.04290975,
                "order": 3.0,
                "x": 25.71428571,
                "y": 0.0,
                "z": 0.0
              },
              {
                "illuminance_lux": 0.60327653,
                "lane_col": 4.0,
                "lane_row": 0.0,
                "luminance_cd_m2": 0.04335329,
                "order": 4.0,
                "x": 34.28571429,
                "y": 0.0,
                "z": 0.0
              },
              {
                "illuminance_lux": 0.10971702,
                "lane_col": 5.0,
                "lane_row": 0.0,
                "luminance_cd_m2": 0.00813301,
                "order": 5.0,
                "x": 42.85714286,
                "y": 0.0,
                "z": 0.0
              },
              {
                "illuminance_lux": 0.21094564,
                "lane_col": 6.0,
                "lane_row": 0.0,
                "luminance_cd_m2": 0.01551417,
                "order": 6.0,
                "x": 51.42857143,
                "y": 0.0,
                "z": 0.0
              },
              {
                "illuminance_lux": 1.19669027,
                "lane_col": 7.0,
                "lane_row": 0.0,
                "luminance_cd_m2": 0.05398849,
                "order": 7.0,
                "x": 60.0,
                "y": 0.0,
                "z": 0.0
              },
              {
                "illuminance_lux": 1.96105128,
                "lane_col": 0.0,
                "lane_row": 1.0,
                "luminance_cd_m2": 0.08818238,
                "order": 8.0,
                "x": 0.0,
                "y": 2.33333333,
                "z": 0.0
              },
              {
                "illuminance_lux": 0.40549336,
                "lane_col": 1.0,
                "lane_row": 1.0,
                "luminance_cd_m2": 0.03007361,
                "order": 9.0,
                "x": 8.57142857,
                "y": 2.33333333,
                "z": 0.0
              },
              {
                "illuminance_lux": 0.14610641,
                "lane_col": 2.0,
                "lane_row": 1.0,
                "luminance_cd_m2": 0.01087162,
                "order": 10.0,
                "x": 17.14285714,
                "y": 2.33333333,
                "z": 0.0
              },
              {
                "illuminance_lux": 0.680258,
                "lane_col": 3.0,
                "lane_row": 1.0,
                "luminance_cd_m2": 0.04992484,
                "order": 11.0,
                "x": 25.71428571,
                "y": 2.33333333,
                "z": 0.0
              },
              {
                "illuminance_lux": 1.21551921,
                "lane_col": 4.0,
                "lane_row": 1.0,
                "luminance_cd_m2": 0.08930722,
                "order": 12.0,
                "x": 34.28571429,
                "y": 2.33333333,
                "z": 0.0
              },
              {
                "illuminance_lux": 0.18649565,
                "lane_col": 5.0,
                "lane_row": 1.0,
                "luminance_cd_m2": 0.01388418,
                "order": 13.0,
                "x": 42.85714286,
                "y": 2.33333333,
                "z": 0.0
              },
              {
                "illuminance_lux": 0.24078535,
                "lane_col": 6.0,
                "lane_row": 1.0,
                "luminance_cd_m2": 0.01786588,
                "order": 14.0,
                "x": 51.42857143,
                "y": 2.33333333,
                "z": 0.0
              },
              {
                "illuminance_lux": 1.96858349,
                "lane_col": 7.0,
                "lane_row": 1.0,
                "luminance_cd_m2": 0.08889343,
                "order": 15.0,
                "x": 60.0,
                "y": 2.33333333,
                "z": 0.0
              }
            ],
            "metrics": {
              "Lavg": 0.039404259701939934,
              "Lmin": 0.008116075230314249,
              "Ul": 0.12173276627242952,
              "Uo": 0.20596948887520103
            }
          },
          {
            "lane_index": 1,
            "lane_number": 2,
            "luminance_grid": [
              {
                "illuminance_lux": 1.27064832,
                "lane_col": 0.0,
                "lane_row": 0.0,
                "luminance_cd_m2": 0.05721338,
                "order": 0.0,
                "x": 0.0,
                "y": 4.66666667,
                "z": 0.0
              },
              {
                "illuminance_lux": 0.34407383,
                "lane_col": 1.0,
                "lane_row": 0.0,
                "luminance_cd_m2": 0.02476214,
                "order": 1.0,
                "x": 8.57142857,
                "y": 4.66666667,
                "z": 0.0
              },
              {
                "illuminance_lux": 0.14049691,
                "lane_col": 2.0,
                "lane_row": 0.0,
                "luminance_cd_m2": 0.01026914,
                "order": 2.0,
                "x": 17.14285714,