{
  "expected": {
    "results": {
      "lane_metrics": [
        {
          "Lavg_cd_m2": 0.042560948136235385,
          "Lmax_cd_m2": 0.07448779657508255,
          "Lmin_cd_m2": 0.026805189381158306,
          "Ul_luminance": 0.4986128531517928,
          "Uo_luminance": 0.629807148453467,
          "lane_index": 0.0,
          "lane_number": 1.0,
          "longitudinal_line_row_index": 1.0,
          "luminance_mean_cd_m2": 0.042560948136235385,
          "max_lux": 1.2097482542735931,
          "mean_lux": 0.7002077385924825,
          "min_lux": 0.412153753760599,
          "nx": 8.0,
          "ny": 2.0,
          "sample_count": 16.0,
          "ul_longitudinal": 0.4986128531517928,
          "uniformity_min_avg": 0.5886163934564431,
          "uniformity_ratio": 0.5886163934564431
        },
        {
          "Lavg_cd_m2": 0.04956606782789369,
          "Lmax_cd_m2": 0.0955195841258942,
          "Lmin_cd_m2": 0.027889838117543912,
          "Ul_luminance": 0.29198031349032344,
          "Uo_luminance": 0.5626800619808031,
          "lane_index": 1.0,
          "lane_number": 2.0,
          "longitudinal_line_row_index": 1.0,
          "luminance_mean_cd_m2": 0.04956606782789369,
          "max_lux": 1.3493773265341331,
          "mean_lux": 0.7705917282342857,
          "min_lux": 0.5572423244668138,
          "nx": 8.0,
          "ny": 2.0,
          "sample_count": 16.0,
          "ul_longitudinal": 0.29198031349032344,
          "uniformity_min_avg": 0.7231356165004064,
          "uniformity_ratio": 0.7231356165004064
        }
      ],
      "mean_lux": 0.7353997334133842,
      "road_luminance_mean_cd_m2": 0.04606350798206454,
      "roadway": {
        "lanes": [
          {
            "lane_index": 0,
            "lane_number": 1,
            "luminance_grid": [
              {
                "illuminance_lux": 0.8013197,
                "lane_col": 0.0,
                "lane_row": 0.0,
                "luminance_cd_m2": 0.03755759,
                "order": 0.0,
                "x": 0.0,
                "y": 0.0,
                "z": 0.0
              },
              {
                "illuminance_lux": 0.41215375,
                "lane_col": 1.0,
                "lane_row": 0.0,
                "luminance_cd_m2": 0.02847283,
                "order": 1.0,
                "x": 8.57142857,
                "y": 0.0,
                "z": 0.0
              },
              {
                "illuminance_lux": 0.45129637,
                "lane_col": 2.0,
                "lane_row": 0.0,
                "luminance_cd_m2": 0.02680519,
                "order": 2.0,
                "x": 17.14285714,
                "y": 0.0,
                "z": 0.0
              },
              {
                "illuminance_lux": 0.60214392,
                "lane_col": 3.0,
                "lane_row": 0.0,
                "luminance_cd_m2": 0.04350703,
                "order": 3.0,
                "x": 25.71428571,
                "y": 0.0,
                "z": 0.0
              },
              {
                "illuminance_lux": 0.60365135,
                "lane_col": 4.0,
                "lane_row": 0.0,
                "luminance_cd_m2": 0.04370902,
                "order": 4.0,
                "x": 34.28571429,
                "y": 0.0,
                "z": 0.0
              },
              {
                "illuminance_lux": 0.45697443,
                "lane_col": 5.0,
                "lane_row": 0.0,
                "luminance_cd_m2": 0.02692365,
                "order": 5.0,
                "x": 42.85714286,
                "y": 0.0,
                "z": 0.0
              },
              {
                "illuminance_lux": 0.42754693,
                "lane_col": 6.0,
                "lane_row": 0.0,
                "luminance_cd_m2": 0.02971279,
                "order": 6.0,
                "x": 51.42857143,
                "y": 0.0,
                "z": 0.0
              },
              {
                "illuminance_lux": 0.84969668,
                "lane_col": 7.0,
                "lane_row": 0.0,
                "luminance_cd_m2": 0.04106571,
                "order": 7.0,
                "x": 60.0,
                "y": 0.0,
                "z": 0.0
              },
              {
                "illuminance_lux": 1.14568968,
                "lane_col": 0.0,
                "lane_row": 1.0,
                "luminance_cd_m2": 0.05332766,
                "order": 8.0,
                "x": 0.0,
                "y": 2.33333333,
                "z": 0.0
              },
              {
                "illuminance_lux": 0.65638866,
                "lane_col": 1.0,
                "lane_row": 1.0,
                "luminance_cd_m2": 0.0469934,
                "order": 9.0,
                "x": 8.57142857,
                "y": 2.33333333,
                "z": 0.0
              },
              {
                "illuminance_lux": 0.65612377,
                "lane_col": 2.0,
                "lane_row": 1.0,
                "luminance_cd_m2": 0.04048155,
                "order": 10.0,
                "x": 17.14285714,
                "y": 2.33333333,
                "z": 0.0
              },
              {
                "illuminance_lux": 0.67243308,
                "lane_col": 3.0,
                "lane_row": 1.0,
                "luminance_cd_m2": 0.04846804,
                "order": 11.0,
                "x": 25.71428571,
                "y": 2.33333333,
                "z": 0.0
              },
              {
                "illuminance_lux": 1.03070236,
                "lane_col": 4.0,
                "lane_row": 1.0,
                "luminance_cd_m2": 0.0744878,
                "order": 12.0,
                "x": 34.28571429,
                "y": 2.33333333,
                "z": 0.0
              },
              {
                "illuminance_lux": 0.70427468,
                "lane_col": 5.0,
                "lane_row": 1.0,
                "luminance_cd_m2": 0.04421542,
                "order": 13.0,
                "x": 42.85714286,
                "y": 2.33333333,
                "z": 0.0
              },
              {
                "illuminance_lux": 0.52318022,
                "lane_col": 6.0,
                "lane_row": 1.0,
                "luminance_cd_m2": 0.03714057,
                "order": 14.0,
                "x": 51.42857143,
                "y": 2.33333333,
                "z": 0.0
              },
              {
                "illuminance_lux": 1.20974825,
                "lane_col": 7.0,
                "lane_row": 1.0,
                "luminance_cd_m2": 0.05810693,
                "order": 15.0,
                "x": 60.0,
                "y": 2.33333333,
                "z": 0.0
              }
            ],
            "metrics": {
              "Lavg": 0.042560948136235385,
              "Lmin": 0.026805189381158306,
              "Ul": 0.4986128531517928,
              "Uo": 0.629807148453467
            }
          },
          {
            "lane_index": 1,
            "lane_number": 2,
            "luminance_grid": [
              {
                "illuminance_lux": 0.85595373,
                "lane_col": 0.0,
                "lane_row": 0.0,
                "luminance_cd_m2": 0.04051278,
                "order": 0.0,
                "x": 0.0,
                "y": 4.66666667,
                "z": 0.0
              },
              {
                "illuminance_lux": 0.64400077,
                "lane_col": 1.0,
                "lane_row": 0.0,
                "luminance_cd_m2": 0.04654742,
                "order": 1.0,
                "x": 8.57142857,
                "y": 4.66666667,
                "z": 0.0
              },
              {
                "illuminance_lux": 0.8018083,
                "lane_col": 2.0,
                "lane_row": 0.0,
                "luminance_cd_m2": 0.05443639,
                "order": 2.0,
                "x": 17.14285714,
                "y": 4.66666667,