{
  "expected": {
    "results": {
      "lane_metrics": [
        {
          "Lavg_cd_m2": 0.02895884833082442,
          "Lmax_cd_m2": 0.07252699640610799,
          "Lmin_cd_m2": 0.013114560714000119,
          "Ul_luminance": 0.21384359935786207,
          "Uo_luminance": 0.4528688628836354,
          "lane_index": 0.0,
          "lane_number": 1.0,
          "longitudinal_line_row_index": 1.0,
          "luminance_mean_cd_m2": 0.02895884833082442,
          "max_lux": 1.0966037868948173,
          "mean_lux": 0.4581621065945404,
          "min_lux": 0.1827038111711219,
          "nx": 8.0,
          "ny": 2.0,
          "sample_count": 16.0,
          "ul_longitudinal": 0.21384359935786207,
          "uniformity_min_avg": 0.3987754738800545,
          "uniformity_ratio": 0.3987754738800545
        },
        {
          "Lavg_cd_m2": 0.031659422317414,
          "Lmax_cd_m2": 0.08809666693094327,
          "Lmin_cd_m2": 0.016555569804726365,
          "Ul_luminance": 0.20979324299945257,
          "Uo_luminance": 0.5229270969868618,
          "lane_index": 1.0,
          "lane_number": 2.0,
          "longitudinal_line_row_index": 1.0,
          "luminance_mean_cd_m2": 0.031659422317414,
          "max_lux": 1.275155001719973,
          "mean_lux": 0.4924228966208293,
          "min_lux": 0.22595664117303316,
          "nx": 8.0,
          "ny": 2.0,
          "sample_count": 16.0,
          "ul_longitudinal": 0.20979324299945257,
          "uniformity_min_avg": 0.45886704847321935,
          "uniformity_ratio": 0.45886704847321935
        }
      ],
      "mean_lux": 0.47529250160768477,
      "road_luminance_mean_cd_m2": 0.03030913532411921,
      "roadway": {
        "lanes": [
          {
            "lane_index": 0,
            "lane_number": 1,
            "luminance_grid": [
              {
                "illuminance_lux": 0.75746871,
                "lane_col": 0.0,
                "lane_row": 0.0,
                "luminance_cd_m2": 0.03448608,
                "order": 0.0,
                "x": 0.0,
                "y": 0.0,
                "z": 0.0
              },
              {
                "illuminance_lux": 0.24496668,
                "lane_col": 1.0,
                "lane_row": 0.0,
                "luminance_cd_m2": 0.01798267,
                "order": 1.0,
                "x": 8.57142857,
                "y": 0.0,
                "z": 0.0
              },
              {
                "illuminance_lux": 0.22729787,
                "lane_col": 2.0,
                "lane_row": 0.0,
                "luminance_cd_m2": 0.01503912,
                "order": 2.0,
                "x": 17.14285714,
                "y": 0.0,
                "z": 0.0
              },
              {
                "illuminance_lux": 0.35530791,
                "lane_col": 3.0,
                "lane_row": 0.0,
                "luminance_cd_m2": 0.01894905,
                "order": 3.0,
                "x": 25.71428571,
                "y": 0.0,
                "z": 0.0
              },
              {
                "illuminance_lux": 0.18506655,
                "lane_col": 4.0,
                "lane_row": 0.0,
                "luminance_cd_m2": 0.01311456,
                "order": 4.0,
                "x": 34.28571429,
                "y": 0.0,
                "z": 0.0
              },
              {
                "illuminance_lux": 0.43080699,
                "lane_col": 5.0,
                "lane_row": 0.0,
                "luminance_cd_m2": 0.0315487,
                "order": 5.0,
                "x": 42.85714286,
                "y": 0.0,
                "z": 0.0
              },
              {
                "illuminance_lux": 0.5669281,
                "lane_col": 6.0,
                "lane_row": 0.0,
                "luminance_cd_m2": 0.04125294,
                "order": 6.0,
                "x": 51.42857143,
                "y": 0.0,
                "z": 0.0
              },
              {
                "illuminance_lux": 0.18270381,
                "lane_col": 7.0,
                "lane_row": 0.0,
                "luminance_cd_m2": 0.01315241,
                "order": 7.0,
                "x": 60.0,
                "y": 0.0,
                "z": 0.0
              },
              {
                "illuminance_lux": 1.09660379,
                "lane_col": 0.0,
                "lane_row": 1.0,
                "luminance_cd_m2": 0.0497396,
                "order": 8.0,
                "x": 0.0,
                "y": 2.33333333,
                "z": 0.0
              },
              {
                "illuminance_lux": 0.43135776,
                "lane_col": 1.0,
                "lane_row": 1.0,
                "luminance_cd_m2": 0.03176877,
                "order": 9.0,
                "x": 8.57142857,
                "y": 2.33333333,
                "z": 0.0
              },
              {
                "illuminance_lux": 0.32362627,
                "lane_col": 2.0,
                "lane_row": 1.0,
                "luminance_cd_m2": 0.0227306,
                "order": 10.0,
                "x": 17.14285714,
                "y": 2.33333333,
                "z": 0.0
              },
              {
                "illuminance_lux": 0.53968674,
                "lane_col": 3.0,
                "lane_row": 1.0,
                "luminance_cd_m2": 0.0303814,
                "order": 11.0,
                "x": 25.71428571,
                "y": 2.33333333,
                "z": 0.0
              },
              {
                "illuminance_lux": 0.21400869,
                "lane_col": 4.0,
                "lane_row": 1.0,
                "luminance_cd_m2": 0.01550943,
                "order": 12.0,
                "x": 34.28571429,
                "y": 2.33333333,
                "z": 0.0
              },
              {
                "illuminance_lux": 0.46199223,
                "lane_col": 5.0,
                "lane_row": 1.0,
                "luminance_cd_m2": 0.03371604,
                "order": 13.0,
                "x": 42.85714286,
                "y": 2.33333333,
                "z": 0.0
              },
              {
                "illuminance_lux": 1.02122804,
                "lane_col": 6.0,
                "lane_row": 1.0,
                "luminance_cd_m2": 0.072527,
                "order": 14.0,
                "x": 51.42857143,
                "y": 2.33333333,
                "z": 0.0
              },
              {
                "illuminance_lux": 0.29154356,
                "lane_col": 7.0,
                "lane_row": 1.0,
                "luminance_cd_m2": 0.02144321,
                "order": 15.0,
                "x": 60.0,
                "y": 2.33333333,
                "z": 0.0
              }
            ],
            "metrics": {
              "Lavg": 0.02895884833082442,
              "Lmin": 0.013114560714000119,
              "Ul": 0.21384359935786207,
              "Uo": 0.4528688628836354
            }
          },
          {
            "lane_index": 1,
            "lane_number": 2,
            "luminance_grid": [
              {
                "illuminance_lux": 0.80372331,
                "lane_col": 0.0,
                "lane_row": 0.0,
                "luminance_cd_m2": 0.0366339,
                "order": 0.0,
                "x": 0.0,
                "y": 4.66666667,
                "z": 0.0
              },
              {
                "illuminance_lux": 0.37469077,
                "lane_col": 1.0,
                "lane_row": 0.0,
                "luminance_cd_m2": 0.02678201,
                "order": 1.0,
                "x": 8.57142857,
                "y": 4.66666667,
                "z": 0.0
              },
              {
                "illuminance_lux": 0.35931289,
                "lane_col": 2.0,
                "lane_row": 0.0,
                "luminance_cd_m2": 0.02645975,
                "order": 2.0,
                "x": 17.14285714,
                "y": 4.66666667,