{
  "expected": {
    "results": {
      "lane_metrics": [
        {
          "Lavg_cd_m2": 0.028747118463187372,
          "Lmax_cd_m2": 0.059297742900664585,
          "Lmin_cd_m2": 0.009715973056666008,
          "Ul_luminance": 0.21409424824444317,
          "Uo_luminance": 0.3379807638497044,
          "lane_index": 0.0,
          "lane_number": 1.0,
          "longitudinal_line_row_index": 1.0,
          "luminance_mean_cd_m2": 0.028747118463187372,
          "max_lux": 1.042825738729899,
          "mean_lux": 0.4806188178099635,
          "min_lux": 0.13039005112941277,
          "nx": 8.0,
          "ny": 2.0,
          "sample_count": 16.0,
          "ul_longitudinal": 0.21409424824444317,
          "uniformity_min_avg": 0.27129618378980935,
          "uniformity_ratio": 0.27129618378980935
        },
        {
          "Lavg_cd_m2": 0.02112118157038477,
          "Lmax_cd_m2": 0.03947722211883202,
          "Lmin_cd_m2": 0.010088138831020999,
          "Ul_luminance": 0.40364432322253935,
          "Uo_luminance": 0.47763136723213256,
          "lane_index": 1.0,
          "lane_number": 2.0,
          "longitudinal_line_row_index": 1.0,
          "luminance_mean_cd_m2": 0.02112118157038477,
          "max_lux": 0.7367914259931113,
          "mean_lux": 0.3674479224231493,
          "min_lux": 0.14442417292566456,
          "nx": 8.0,
          "ny": 2.0,
          "sample_count": 16.0,
          "ul_longitudinal": 0.40364432322253935,
          "uniformity_min_avg": 0.39304664446938187,
          "uniformity_ratio": 0.39304664446938187
        }
      ],
      "mean_lux": 0.42403337011655634,
      "road_luminance_mean_cd_m2": 0.02493415001678607,
      "roadway": {
        "lanes": [
          {
            "lane_index": 0,
            "lane_number": 1,
            "luminance_grid": [
              {
                "illuminance_lux": 0.77439392,
                "lane_col": 0.0,
                "lane_row": 0.0,
                "luminance_cd_m2": 0.03502901,
                "order": 0.0,
                "x": 0.0,
                "y": 0.0,
                "z": 0.0
              },
              {
                "illuminance_lux": 0.22066348,
                "lane_col": 1.0,
                "lane_row": 0.0,
                "luminance_cd_m2": 0.01645307,
                "order": 1.0,
                "x": 8.57142857,
                "y": 0.0,
                "z": 0.0
              },
              {
                "illuminance_lux": 0.13039005,
                "lane_col": 2.0,
                "lane_row": 0.0,
                "luminance_cd_m2": 0.00971597,
                "order": 2.0,
                "x": 17.14285714,
                "y": 0.0,
                "z": 0.0
              },
              {
                "illuminance_lux": 0.4854586,
                "lane_col": 3.0,
                "lane_row": 0.0,
                "luminance_cd_m2": 0.03585404,
                "order": 3.0,
                "x": 25.71428571,
                "y": 0.0,
                "z": 0.0
              },
              {
                "illuminance_lux": 0.4854586,
                "lane_col": 4.0,
                "lane_row": 0.0,
                "luminance_cd_m2": 0.03599634,
                "order": 4.0,
                "x": 34.28571429,
                "y": 0.0,
                "z": 0.0
              },
              {
                "illuminance_lux": 0.13039005,
                "lane_col": 5.0,
                "lane_row": 0.0,
                "luminance_cd_m2": 0.00973487,
                "order": 5.0,
                "x": 42.85714286,
                "y": 0.0,
                "z": 0.0
              },
              {
                "illuminance_lux": 0.22066348,
                "lane_col": 6.0,
                "lane_row": 0.0,
                "luminance_cd_m2": 0.01641394,
                "order": 6.0,
                "x": 51.42857143,
                "y": 0.0,
                "z": 0.0
              },
              {
                "illuminance_lux": 0.77439392,
                "lane_col": 7.0,
                "lane_row": 0.0,
                "luminance_cd_m2": 0.03509055,
                "order": 7.0,
                "x": 60.0,
                "y": 0.0,
                "z": 0.0
              },
              {
                "illuminance_lux": 1.03319322,
                "lane_col": 0.0,
                "lane_row": 1.0,
                "luminance_cd_m2": 0.04663844,
                "order": 8.0,
                "x": 0.0,
                "y": 2.33333333,
                "z": 0.0
              },
              {
                "illuminance_lux": 0.39004513,
                "lane_col": 1.0,
                "lane_row": 1.0,
                "luminance_cd_m2": 0.02860426,
                "order": 9.0,
                "x": 8.57142857,
                "y": 2.33333333,
                "z": 0.0
              },
              {
                "illuminance_lux": 0.17178958,
                "lane_col": 2.0,
                "lane_row": 1.0,
                "luminance_cd_m2": 0.01269531,
                "order": 10.0,
                "x": 17.14285714,
                "y": 2.33333333,
                "z": 0.0
              },
              {
                "illuminance_lux": 0.52568351,
                "lane_col": 3.0,
                "lane_row": 1.0,
                "luminance_cd_m2": 0.03694852,
                "order": 11.0,
                "x": 25.71428571,
                "y": 2.33333333,
                "z": 0.0
              },
              {
                "illuminance_lux": 0.8423232,
                "lane_col": 4.0,
                "lane_row": 1.0,
                "luminance_cd_m2": 0.05929774,
                "order": 12.0,
                "x": 34.28571429,
                "y": 2.33333333,
                "z": 0.0
              },
              {
                "illuminance_lux": 0.21217051,
                "lane_col": 5.0,
                "lane_row": 1.0,
                "luminance_cd_m2": 0.01568009,
                "order": 13.0,
                "x": 42.85714286,
                "y": 2.33333333,
                "z": 0.0
              },
              {
                "illuminance_lux": 0.2500581,
                "lane_col": 6.0,
                "lane_row": 1.0,
                "luminance_cd_m2": 0.01836682,
                "order": 14.0,
                "x": 51.42857143,
                "y": 2.33333333,
                "z": 0.0
              },
              {
                "illuminance_lux": 1.04282574,
                "lane_col": 7.0,
                "lane_row": 1.0,
                "luminance_cd_m2": 0.04743492,
                "order": 15.0,
                "x": 60.0,
                "y": 2.33333333,
                "z": 0.0
              }
            ],
            "metrics": {
              "Lavg": 0.028747118463187372,
              "Lmin": 0.009715973056666008,
              "Ul": 0.21409424824444317,
              "Uo": 0.3379807638497044
            }
          },
          {
            "lane_index": 1,
            "lane_number": 2,
            "luminance_grid": [
              {
                "illuminance_lux": 0.72780547,
                "lane_col": 0.0,
                "lane_row": 0.0,
                "luminance_cd_m2": 0.03293384,
                "order": 0.0,
                "x": 0.0,
                "y": 4.66666667,
                "z": 0.0
              },
              {
                "illuminance_lux": 0.32485638,
                "lane_col": 1.0,
                "lane_row": 0.0,
                "luminance_cd_m2": 0.02281635,
                "order": 1.0,
                "x": 8.57142857,
                "y": 4.66666667,
                "z": 0.0
              },
              {
                "illuminance_lux": 0.16176794,
                "lane_col": 2.0,
                "lane_row": 0.0,
                "luminance_cd_m2": 0.01167935,
                "order": 2.0,
                "x": 17.14285714,