{
  "expected": {
    "results": {
      "lane_metrics": [
        {
          "Lavg_cd_m2": 0.02934350499858182,
          "Lmax_cd_m2": 0.06761900016024815,
          "Lmin_cd_m2": 0.009531562383153974,
          "Ul_luminance": 0.19044360050175166,
          "Uo_luminance": 0.32482698926439213,
          "lane_index": 0.0,
          "lane_number": 1.0,
          "longitudinal_line_row_index": 1.0,
          "luminance_mean_cd_m2": 0.02934350499858182,
          "max_lux": 1.1425737298403826,
          "mean_lux": 0.48892029905165174,
          "min_lux": 0.12883611739632672,
          "nx": 8.0,
          "ny": 2.0,
          "sample_count": 16.0,
          "ul_longitudinal": 0.19044360050175166,
          "uniformity_min_avg": 0.26351149184484135,
          "uniformity_ratio": 0.26351149184484135
        },
        {
          "Lavg_cd_m2": 0.024447755757372798,
          "Lmax_cd_m2": 0.047568346595135515,
          "Lmin_cd_m2": 0.010803041835935267,
          "Ul_luminance": 0.3534527640880957,
          "Uo_luminance": 0.4418827618840782,
          "lane_index": 1.0,
          "lane_number": 2.0,
          "longitudinal_line_row_index": 1.0,
          "luminance_mean_cd_m2": 0.024447755757372798,
          "max_lux": 0.8710951695682335,
          "mean_lux": 0.4217237801012914,
          "min_lux": 0.15249886373063792,
          "nx": 8.0,
          "ny": 2.0,
          "sample_count": 16.0,
          "ul_longitudinal": 0.3534527640880957,
          "uniformity_min_avg": 0.3616084056109193,
          "uniformity_ratio": 0.3616084056109193
        }
      ],
      "mean_lux": 0.4553220395764716,
      "road_luminance_mean_cd_m2": 0.02689563037797731,
      "roadway": {
        "lanes": [
          {
            "lane_index": 0,
            "lane_number": 1,
            "luminance_grid": [
              {
                "illuminance_lux": 0.71679418,
                "lane_col": 0.0,
                "lane_row": 0.0,
                "luminance_cd_m2": 0.03244238,
                "order": 0.0,
                "x": 0.0,
                "y": 0.0,
                "z": 0.0
              },
              {
                "illuminance_lux": 0.21592383,
                "lane_col": 1.0,
                "lane_row": 0.0,
                "luminance_cd_m2": 0.01592329,
                "order": 1.0,
                "x": 8.57142857,
                "y": 0.0,
                "z": 0.0
              },
              {
                "illuminance_lux": 0.12883612,
                "lane_col": 2.0,
                "lane_row": 0.0,
                "luminance_cd_m2": 0.00953156,
                "order": 2.0,
                "x": 17.14285714,
                "y": 0.0,
                "z": 0.0
              },
              {
                "illuminance_lux": 0.46614788,
                "lane_col": 3.0,
                "lane_row": 0.0,
                "luminance_cd_m2": 0.03318395,
                "order": 3.0,
                "x": 25.71428571,
                "y": 0.0,
                "z": 0.0
              },
              {
                "illuminance_lux": 0.46614788,
                "lane_col": 4.0,
                "lane_row": 0.0,
                "luminance_cd_m2": 0.03351978,
                "order": 4.0,
                "x": 34.28571429,
                "y": 0.0,
                "z": 0.0
              },
              {
                "illuminance_lux": 0.12883612,
                "lane_col": 5.0,
                "lane_row": 0.0,
                "luminance_cd_m2": 0.00955041,
                "order": 5.0,
                "x": 42.85714286,
                "y": 0.0,
                "z": 0.0
              },
              {
                "illuminance_lux": 0.21592383,
                "lane_col": 6.0,
                "lane_row": 0.0,
                "luminance_cd_m2": 0.01588541,
                "order": 6.0,
                "x": 51.42857143,
                "y": 0.0,
                "z": 0.0
              },
              {
                "illuminance_lux": 0.71679418,
                "lane_col": 7.0,
                "lane_row": 0.0,
                "luminance_cd_m2": 0.0324997,
                "order": 7.0,
                "x": 60.0,
                "y": 0.0,
                "z": 0.0
              },
              {
                "illuminance_lux": 1.13270294,
                "lane_col": 0.0,
                "lane_row": 1.0,
                "luminance_cd_m2": 0.05110211,
                "order": 8.0,
                "x": 0.0,
                "y": 2.33333333,
                "z": 0.0
              },
              {
                "illuminance_lux": 0.40861426,
                "lane_col": 1.0,
                "lane_row": 1.0,
                "luminance_cd_m2": 0.03030678,
                "order": 9.0,
                "x": 8.57142857,
                "y": 2.33333333,
                "z": 0.0
              },
              {
                "illuminance_lux": 0.17305522,
                "lane_col": 2.0,
                "lane_row": 1.0,
                "luminance_cd_m2": 0.01287761,
                "order": 10.0,
                "x": 17.14285714,
                "y": 2.33333333,
                "z": 0.0
              },
              {
                "illuminance_lux": 0.52298189,
                "lane_col": 3.0,
                "lane_row": 1.0,
                "luminance_cd_m2": 0.03840019,
                "order": 11.0,
                "x": 25.71428571,
                "y": 2.33333333,
                "z": 0.0
              },
              {
                "illuminance_lux": 0.92015312,
                "lane_col": 4.0,
                "lane_row": 1.0,
                "luminance_cd_m2": 0.067619,
                "order": 12.0,
                "x": 34.28571429,
                "y": 2.33333333,
                "z": 0.0
              },
              {
                "illuminance_lux": 0.21707054,
                "lane_col": 5.0,
                "lane_row": 1.0,
                "luminance_cd_m2": 0.01616075,
                "order": 13.0,
                "x": 42.85714286,
                "y": 2.33333333,
                "z": 0.0
              },
              {
                "illuminance_lux": 0.25016907,
                "lane_col": 6.0,
                "lane_row": 1.0,
                "luminance_cd_m2": 0.01856701,
                "order": 14.0,
                "x": 51.42857143,
                "y": 2.33333333,
                "z": 0.0
              },
              {
                "illuminance_lux": 1.14257373,
                "lane_col": 7.0,
                "lane_row": 1.0,
                "luminance_cd_m2": 0.05192615,
                "order": 15.0,
                "x": 60.0,
                "y": 2.33333333,
                "z": 0.0
              }
            ],
            "metrics": {
              "Lavg": 0.02934350499858182,
              "Lmin": 0.009531562383153974,
              "Ul": 0.19044360050175166,
              "Uo": 0.32482698926439213
            }
          },
          {
            "lane_index": 1,
            "lane_number": 2,
            "luminance_grid": [
              {
                "illuminance_lux": 0.86181822,
                "lane_col": 0.0,
                "lane_row": 0.0,
                "luminance_cd_m2": 0.03894709,
                "order": 0.0,
                "x": 0.0,
                "y": 4.66666667,
                "z": 0.0
              },
              {
                "illuminance_lux": 0.35534435,
                "lane_col": 1.0,
                "lane_row": 0.0,
                "luminance_cd_m2": 0.0255807,
                "order": 1.0,
                "x": 8.57142857,
                "y": 4.66666667,
                "z": 0.0
              },
              {
                "illuminance_lux": 0.16717481,
                "lane_col": 2.0,
                "lane_row": 0.0,
                "luminance_cd_m2": 0.0122225,
                "order": 2.0,
                "x": 17.14285714,