{
  "expected": {
    "results": {
      "battery_output_factor": 0.6,
      "compliance": {
        "open_area_pass": true,
        "reasons": [],
        "route_pass": true,
        "status": "PASS",
        "thresholds": {
          "open_area_min_lux": 0.1,
          "open_area_u0_min": 0.01,
          "route_min_lux": 0.1,
          "route_u0_min": 0.01
        }
      },
      "emergency_factor": 1.0,
      "luminaire_count": 3,
      "luminaire_operation_counts": {
        "maintained": 0,
        "non_maintained": 0,
        "none": 3
      },
      "open_area_results": [
        {
          "grid_id": "g1",
          "max_lux": 85.39415952162712,
          "mean_lux": 59.980574086644964,
          "min_lux": 40.874006104389274,
          "pass": true,
          "u0": 0.6814540662005787
        }
      ],
      "route_failure_analysis": [
        {
          "baseline_min_lux": 58.243788968348895,
          "drop_lux": 52.405026961554434,
          "ranking": [
            {
              "drop_lux": 52.405026961554434,
              "luminaire_id": "l1",
              "route_min_lux": 5.838762006794463
            },
            {
              "drop_lux": 52.405026961554434,
              "luminaire_id": "l3",
              "route_min_lux": 5.838762006794463
            },
            {
              "drop_lux": 40.93226497489463,
              "luminaire_id": "l2",
              "route_min_lux": 17.311523993454266
            }
          ],
          "route_id": "r1",
          "worst_failed_luminaire_id": "l1",
          "worst_min_lux": 5.838762006794463
        }
      ],
      "route_results": [
        {
          "max_lux": 94.16862569426563,
          "mean_lux": 72.617304986686,
          "min_lux": 58.243788968348895,
          "pass": true,
          "route_id": "r1",
          "u0": 0.8020648656546479
        }
      ],
      "standard": "EN1838",
      "worst_single_failure": {
        "baseline_min_lux": 58.243788968348895,
        "drop_lux": 52.405026961554434,
        "luminaire_id": "l1",
        "route_id": "r1",
        "worst_min_lux": 5.838762006794463
      }
    }
  },
  "ignore": [],
  "schema_version": "parity_expected_v1",
  "tolerances": {
    "default": {
      "abs": 1e-08,
      "rel": 1e-08
    },
    "metrics": {}
  }
}