{
  "expected": {
    "results": {
      "battery_output_factor": 0.9,
      "compliance": {
        "open_area_pass": true,
        "reasons": [],
        "route_pass": true,
        "status": "PASS",
        "thresholds": {
          "open_area_min_lux": 0.1,
          "open_area_u0_min": 0.01,
          "route_min_lux": 0.1,
          "route_u0_min": 0.01
        }
      },
      "emergency_factor": 1.0,
      "luminaire_count": 3,
      "luminaire_operation_counts": {
        "maintained": 0,
        "non_maintained": 0,
        "none": 3
      },
      "open_area_results": [
        {
          "grid_id": "g1",
          "max_lux": 121.56900118779657,
          "mean_lux": 84.66510374294009,
          "min_lux": 64.03951239604659,
          "pass": true,
          "u0": 0.7563861563375998
        }
      ],
      "route_failure_analysis": [
        {
          "baseline_min_lux": 81.60987447757114,
          "drop_lux": 73.05851131799105,
          "ranking": [
            {
              "drop_lux": 73.05851131799105,
              "luminaire_id": "l1",
              "route_min_lux": 8.551363159580095
            },
            {
              "drop_lux": 73.05851131799105,
              "luminaire_id": "l3",
              "route_min_lux": 8.551363159580095
            },
            {
              "drop_lux": 62.16482658203383,
              "luminaire_id": "l2",
              "route_min_lux": 19.445047895537307
            }
          ],
          "route_id": "r1",
          "worst_failed_luminaire_id": "l1",
          "worst_min_lux": 8.551363159580095
        }
      ],
      "route_results": [
        {
          "max_lux": 134.5485159661882,
          "mean_lux": 101.39990964864381,
          "min_lux": 81.60987447757114,
          "pass": true,
          "route_id": "r1",
          "u0": 0.804831826382822
        }
      ],
      "standard": "EN1838",
      "worst_single_failure": {
        "baseline_min_lux": 81.60987447757114,
        "drop_lux": 73.05851131799105,
        "luminaire_id": "l1",
        "route_id": "r1",
        "worst_min_lux": 8.551363159580095
      }
    }
  },
  "ignore": [],
  "schema_version": "parity_expected_v1",
  "tolerances": {
    "default": {
      "abs": 1e-08,
      "rel": 1e-08
    },
    "metrics": {}
  }
}